1,168,5797,65,2025-08-29 00:48:26
1,175,592,87,2025-08-30 13:01:22
1,232,819,3,2025-02-15 15:04:26
1,244,6888,91,2025-06-19 17:30:43
1,289,9755,98,2025-01-04 02:49:11
1,337,720,20,2025-07-22 08:43:12
1,361,3317,19,2025-06-06 04:39:03
1,373,2333,73,2025-04-26 19:21:59
1,431,560,4,2025-09-26 15:17:15
1,475,1273,99,2025-02-05 12:56:14
1,579,2919,99,2025-09-17 17:52:36
1,651,2760,49,2025-04-15 12:05:16
2,28,4049,68,2025-12-02 08:37:57
2,341,7570,55,2025-10-16 06:02:30
2,389,6464,65,2025-11-09 22:51:20
2,429,7059,8,2025-12-09 21:04:12.511040
2,447,2626,52,2025-11-15 04:09:00
2,582,9775,84,2025-05-22 08:35:45
2,690,4562,17,2025-05-20 17:27:07
2,703,6244,12,2025-06-21 23:34:05
2,729,4524,60,2025-06-03 07:14:04
3,23,3105,75,2025-04-11 14:31:57
3,71,6940,55,2025-06-01 21:03:33
3,231,8275,30,2025-03-23 18:55:02
3,246,5768,50,2025-06-07 22:51:38
3,259,2217,91,2025-11-20 08:01:27
3,283,8047,77,2025-09-29 02:13:31
3,381,3278,43,2025-04-08 21:49:29
3,405,5026,5,2025-07-17 03:30:33
3,407,6929,0,2025-12-09 21:04:12.511040
3,493,1298,18,2025-06-06 14:17:40
3,540,8069,20,2025-04-24 14:44:57
3,556,8271,52,2025-09-16 20:52:09
3,596,7398,93,2025-09-23 02:04:56
3,619,5148,97,2025-12-06 16:20:54
3,627,8750,14,2025-01-18 19:51:36
3,661,2247,68,2025-03-05 07:38:18
3,799,6533,44,2025-10-08 01:25:13
4,56,6646,93,2025-12-01 03:53:27
4,201,3910,44,2025-05-30 00:52:30
4,367,5819,37,2025-04-07 12:39:02
4,485,1179,37,2025-11-25 20:54:48
4,532,1071,87,2025-03-10 14:26:46
4,644,4721,22,2025-06-06 14:42:37
4,646,9534,55,2025-05-27 20:12:45
4,772,7226,34,2025-10-05 07:20:06
4,785,6727,79,2025-12-09 21:04:12.511040
5,32,3899,21,2025-01-09 17:21:01
5,113,1775,99,2025-03-29 20:25:30
5,136,8094,9,2025-05-28 11:43:00
5,170,3272,19,2025-03-24 18:16:37
5,366,9575,17,2025-02-06 15:27:25
5,408,8578,45,2025-04-17 05:41:14
5,441,4239,3,2025-10-15 22:49:57
5,591,9106,16,2025-12-09 21:04:12.511040
5,628,7470,69,2025-11-22 00:32:31
6,122,580,74,2025-08-18 11:57:05
6,149,7915,47,2025-01-10 22:18:17
6,163,4869,88,2025-01-16 20:29:55
6,241,8822,21,2025-04-01 10:00:49
6,269,8912,14,2025-05-04 21:38:01
6,295,8221,65,2025-03-20 00:05:46
6,313,1776,99,2025-05-07 04:57:38
6,340,6433,92,2025-01-17 07:08:45
6,344,7156,12,2025-02-12 14:58:55
6,351,3262,48,2025-08-11 21:41:52
6,386,4659,85,2025-11-06 04:32:19
6,388,922,82,2025-09-16 11:59:19
6,419,8972,10,2025-12-09 21:04:12.511040
6,514,671,14,2025-04-11 11:11:09
6,546,8375,40,2025-02-11 02:47:04
6,569,9701,70,2025-03-23 04:05:35
6,644,1898,4,2025-09-20 03:24:14
6,701,3023,18,2025-12-08 00:38:46
6,712,2271,86,2025-05-01 10:20:31
6,734,5516,52,2025-11-24 22:40:42
6,754,6177,49,2025-07-08 15:45:05
6,758,8471,99,2025-03-07 07:18:23
6,762,4247,20,2025-12-06 03:18:25
6,792,3857,76,2025-07-14 19:36:54
7,214,6644,11,2025-10-12 12:04:07
7,271,2167,34,2025-09-17 03:27:14
7,415,8363,79,2025-04-17 04:17:59
7,419,2699,49,2025-05-05 16:33:29
7,449,7138,42,2025-09-21 05:10:55
7,530,846,75,2025-03-18 22:36:19
7,623,3307,56,2025-02-03 14:54:09
7,677,9756,6,2025-04-01 14:17:57
7,701,7963,5,2025-01-01 17:32:53
7,726,4319,64,2025-08-17 09:26:09
8,71,4213,63,2025-03-23 20:55:55
8,148,6120,12,2025-01-18 20:12:07
8,164,8533,91,2025-08-04 22:53:17
8,186,2741,75,2025-09-01 08:38:24
8,236,9654,25,2025-05-31 11:19:09
8,272,1429,85,2025-03-08 04:37:41
8,310,2253,60,2025-05-30 13:56:20
8,374,7124,71,2025-08-30 00:50:01
8,403,4180,1,2025-07-29 07:42:14
8,404,2811,46,2025-02-21 12:39:49
8,420,8839,43,2025-06-06 04:49:52
8,468,584,30,2025-04-03 02:39:16
8,485,2042,17,2025-10-10 05:18:23
8,490,5603,35,2025-03-13 01:58:34
8,503,2011,33,2025-09-07 04:52:27
8,554,615,4,2025-01-29 05:58:09
8,565,8401,29,2025-10-14 07:58:38
8,570,2001,9,2025-09-04 03:22:53
8,580,8620,45,2025-05-23 19:48:17
8,624,9667,44,2025-06-07 23:30:29
8,661,2316,37,2025-10-31 17:43:14
9,149,6377,55,2025-10-01 10:29:21
9,205,5138,13,2025-09-23 21:36:10
9,232,2619,99,2025-01-29 01:58:16
9,238,5045,45,2025-01-07 21:22:09
9,295,7067,98,2025-07-30 04:30:57
9,377,6317,64,2025-11-16 08:26:53
9,391,8216,29,2025-01-26 00:29:43
9,433,6797,78,2025-06-01 19:58:00
9,493,3027,44,2025-05-24 21:19:04
9,588,6384,36,2025-11-22 18:17:57
9,757,2457,51,2025-04-19 15:20:54
9,761,8359,37,2025-09-22 06:53:46
9,777,6626,80,2025-09-21 07:35:20
9,795,2476,57,2025-06-05 04:08:04
10,113,8985,87,2025-04-29 20:24:05
10,192,4115,86,2025-01-13 06:49:09
10,235,4311,40,2025-07-07 04:45:58
10,347,7041,64,2025-06-19 15:22:15
10,394,8229,40,2025-04-08 18:16:11
10,399,6959,29,2025-07-19 10:48:22
10,473,1162,52,2025-06-17 00:07:56
10,476,7567,6,2025-01-27 18:41:43
10,512,5598,62,2025-02-10 14:23:50
10,526,9927,98,2025-07-19 21:51:14
10,698,526,11,2025-01-04 04:39:23
10,762,9771,79,2025-04-08 12:19:06
11,116,3766,10,2025-09-22 08:35:27
11,183,2624,14,2025-02-01 04:40:15
11,186,8136,25,2025-02-25 03:43:07
11,206,4329,5,2025-06-20 09:13:27
11,270,6466,3,2025-04-25 19:16:53
11,335,9258,0,2025-10-02 22:14:46
11,743,632,45,2025-12-09 21:04:12.511040
12,69,506,55,2025-01-12 20:05:03
12,426,6757,60,2025-12-08 19:26:32
12,533,3402,29,2025-02-05 13:49:28
12,550,3942,48,2025-05-15 08:17:37
12,637,4218,53,2025-04-24 13:09:32
13,25,7808,28,2025-11-13 19:46:36
13,30,8698,15,2025-10-23 03:41:45
13,43,9890,84,2025-12-06 01:23:12
13,95,6251,61,2025-10-15 21:41:49
13,106,7823,92,2025-08-07 08:45:09
13,138,9756,64,2025-02-15 10:57:36
13,140,8465,76,2025-12-08 08:04:05
13,146,4648,61,2025-03-22 06:50:47
13,213,1934,24,2025-10-14 21:17:20
13,258,7222,3,2025-08-16 14:35:39
13,276,7400,65,2025-04-29 05:46:18
13,280,7133,97,2025-10-10 14:38:28
13,346,7953,70,2025-04-15 02:30:41
13,356,8276,15,2025-08-28 12:42:46
13,377,8197,22,2025-01-09 17:09:55
13,389,2938,66,2025-09-05 16:07:45
13,465,7319,32,2025-06-21 12:35:42
13,530,7935,31,2025-12-02 11:14:45
13,597,9668,13,2025-05-31 23:15:32
13,611,5998,29,2025-02-08 09:50:52
13,631,5735,25,2025-11-11 12:00:57
13,636,8283,18,2025-11-28 06:04:27
13,657,6680,10,2025-04-09 05:12:54
13,675,5145,46,2025-07-16 06:28:09
13,694,6067,16,2025-01-18 03:56:49
13,709,7536,30,2025-08-14 12:26:19
13,721,8839,57,2025-06-24 18:29:13
13,732,598,70,2025-08-23 23:37:59
13,791,4239,56,2025-09-06 21:22:25
14,38,9006,60,2025-12-11 10:47:45.681533
14,61,6053,97,2025-08-01 00:39:51
14,126,1272,100,2025-05-31 15:12:20
14,159,9034,24,2025-01-15 06:05:36
14,165,9850,27,2025-07-14 03:48:47
14,343,7611,19,2025-11-13 12:23:22
14,352,5874,23,2025-01-08 09:11:44
14,400,5704,71,2025-06-23 02:52:58
14,480,4480,62,2025-11-06 07:30:46
14,531,3574,52,2025-05-30 06:19:37
14,637,8584,84,2025-02-24 03:02:28
14,647,8628,24,2025-09-28 20:31:14
14,690,3244,50,2025-06-18 22:44:30
14,785,7731,4,2025-03-02 22:08:01
15,1,7690,84,2025-05-19 21:07:53
15,45,5702,59,2025-02-10 18:12:45
15,64,1603,18,2025-06-09 07:35:41
15,112,1934,52,2025-06-09 21:17:11
15,138,4100,96,2025-03-16 04:08:25
15,168,6398,39,2025-05-01 20:55:15
15,197,7370,78,2025-03-08 10:55:08
15,202,7678,50,2025-02-22 20:44:59
15,230,6527,90,2025-05-25 17:52:37
15,249,2356,96,2025-04-28 14:30:56
15,294,6728,69,2025-01-10 11:35:45
15,347,1782,77,2025-07-02 20:20:25
15,366,4417,78,2025-03-10 01:41:29
15,382,1871,95,2025-12-02 06:00:07
15,436,567,85,2025-06-28 14:09:00
15,454,3052,50,2025-03-04 20:25:13
15,506,8573,96,2025-08-20 13:23:09
15,529,9361,26,2025-09-23 10:23:09
15,571,880,98,2025-10-26 23:53:20
15,625,9357,26,2025-03-25 11:58:30
15,650,8523,39,2025-11-09 14:01:42
15,662,2734,67,2025-07-19 21:33:36
15,677,1263,2,2025-05-14 06:05:58
15,691,8100,90,2025-10-06 14:57:45
15,700,9301,8,2025-03-02 22:05:47
15,701,7154,26,2025-10-14 21:07:10
15,702,750,26,2025-08-07 05:09:13
15,776,9832,52,2025-09-10 09:22:36
16,158,6792,90,2025-12-09 21:04:12.511040
16,377,4096,48,2025-05-27 12:25:24
16,477,8803,43,2025-04-17 08:06:21
16,525,7826,35,2025-06-20 23:09:35
16,603,4733,14,2025-10-08 17:44:56
17,46,7614,77,2025-01-05 11:47:45
17,65,6796,14,2025-12-09 15:47:10
17,92,897,13,2025-12-09 21:04:12.511040
17,159,2688,97,2025-12-09 02:48:58
17,271,5733,49,2025-12-07 17:41:18
17,324,2822,3,2025-11-17 18:21:47
17,497,4956,33,2025-05-16 10:23:58
17,540,6133,37,2025-07-02 11:34:08
17,578,1020,80,2025-03-18 04:20:22
17,599,7541,31,2025-04-18 14:23:43
17,605,8355,55,2025-04-02 23:19:00
17,642,2448,90,2025-06-06 20:29:12
18,15,4054,22,2025-02-07 03:41:08
18,23,7692,44,2025-05-28 18:15:37
18,62,2601,62,2025-10-20 15:43:52
18,141,3789,27,2025-02-24 08:17:30
18,166,4270,51,2025-01-08 16:05:45
18,195,1608,32,2025-03-02 15:34:08
18,265,3088,34,2025-03-13 04:26:36
18,340,6210,70,2025-01-10 06:31:20
18,347,1067,66,2025-04-05 00:56:41
18,508,3799,77,2025-08-26 20:55:10
18,528,4160,44,2025-08-10 22:39:56
18,555,9031,9,2025-07-31 14:49:04
18,566,2086,71,2025-07-09 18:11:07
18,631,6136,12,2025-06-10 19:08:11
18,653,9695,53,2025-11-14 06:42:21
18,763,9847,13,2025-06-21 05:13:29
19,1,1816,75,2025-06-24 07:03:07
19,15,5209,6,2025-10-17 19:06:24
19,36,4912,9,2025-05-28 00:55:31
19,86,8085,41,2025-11-30 07:04:15
19,87,5630,40,2025-01-02 08:09:58
19,132,5010,25,2025-09-10 18:14:10
19,284,8900,70,2025-03-24 14:45:47
19,300,4576,88,2025-07-21 13:51:29
19,316,7659,86,2025-09-29 22:21:12
19,322,2378,21,2025-08-13 14:46:51
19,332,875,1,2025-07-11 23:18:26
19,336,4449,80,2025-01-16 16:52:13
19,575,6174,57,2025-01-19 04:45:01
19,627,9475,83,2025-09-02 04:53:50
19,677,3353,37,2025-06-14 10:56:13
19,681,1956,53,2025-07-30 19:22:10
19,724,5197,3,2025-12-09 21:04:12.511040
19,789,7203,15,2025-01-24 17:26:08
19,795,8736,68,2025-04-01 22:36:40
20,53,9415,3,2025-07-23 02:51:46
20,58,1828,39,2025-11-19 23:42:43
20,126,3817,31,2025-03-13 10:59:13
20,144,4284,90,2025-10-13 15:56:15
20,174,2880,23,2025-07-16 18:05:58
20,231,7281,15,2025-01-25 12:11:08
20,260,9139,31,2025-07-12 08:41:04
20,266,8320,49,2025-03-27 03:05:31
20,288,748,94,2025-12-09 21:04:12.511040
20,321,8689,36,2025-04-12 21:20:15
20,384,5428,100,2025-05-07 05:08:24
20,398,2112,23,2025-03-03 17:58:31
20,429,2608,56,2025-03-15 01:01:02
20,434,2976,28,2025-01-01 23:37:29
20,460,1456,21,2025-08-06 12:25:57
20,502,7569,60,2025-01-20 16:35:09
20,534,9538,32,2025-07-26 16:36:32
20,546,4899,51,2025-05-23 17:43:45
20,597,6433,67,2025-10-10 19:39:50
20,612,1001,30,2025-09-11 11:45:52
20,726,9089,45,2025-10-26 00:54:54
21,132,3981,49,2025-01-22 14:03:06
21,161,8051,25,2025-11-29 01:07:59
21,239,3252,95,2025-01-20 00:17:38
21,250,1521,52,2025-01-26 06:55:07
21,428,5405,90,2025-08-19 21:13:30
21,574,8782,49,2025-01-08 21:13:26
21,596,9236,67,2025-06-15 06:54:52
21,723,844,92,2025-11-16 07:29:47
21,740,4562,67,2025-02-14 09:40:00
21,777,3249,48,2025-05-06 15:38:46
22,11,7882,90,2025-09-22 18:34:37
22,12,1598,88,2025-12-04 18:33:07
22,79,8289,37,2025-11-07 15:52:19
22,84,7811,31,2025-11-26 21:19:03
22,89,3938,5,2025-04-02 06:58:14
22,106,3084,75,2025-09-12 11:57:41
22,130,4475,94,2025-05-09 06:48:23
22,249,8850,37,2025-06-02 13:25:44
22,265,8258,38,2025-05-20 15:24:29
22,283,4653,17,2025-05-17 04:12:26
22,354,3770,77,2025-02-25 03:47:39
22,406,2920,44,2025-09-11 01:25:05
22,423,868,61,2025-10-24 08:20:10
22,462,6365,46,2025-03-18 18:28:35
22,546,1379,65,2025-10-31 18:46:29
22,678,7002,43,2025-10-18 19:51:03
22,691,5371,64,2025-06-22 23:42:17
22,744,7715,17,2025-06-21 02:51:01
22,764,721,76,2025-01-02 09:38:50
22,765,2703,76,2025-05-22 20:15:24
23,144,3321,1,2025-07-23 23:29:49
23,172,2389,89,2025-09-21 12:12:48
23,194,4368,50,2025-07-23 13:31:47
23,222,6451,45,2025-03-11 17:10:07
23,241,3243,39,2025-05-19 16:03:28
23,272,1938,74,2025-09-26 19:37:27
23,306,3344,84,2025-08-27 11:17:52
23,340,4743,55,2025-05-18 11:50:50
23,358,5442,58,2025-07-05 05:19:44
23,390,8017,88,2025-05-09 16:54:55
23,406,1626,2,2025-10-17 21:17:39
23,411,2191,32,2025-09-10 14:33:57
23,442,8688,94,2025-06-21 23:19:00
23,514,3531,79,2025-09-09 16:01:07
23,519,8631,84,2025-12-08 11:57:01
23,522,905,98,2025-07-06 09:46:12
23,527,7576,100,2025-06-28 15:03:50
23,530,6280,94,2025-03-31 14:33:39
23,545,3724,40,2025-01-21 10:24:14
23,579,770,2,2025-10-13 01:24:38
23,593,3797,76,2025-09-18 05:39:23
23,612,9211,34,2025-12-07 00:12:58
23,618,3683,32,2025-09-03 12:10:03
23,654,9129,6,2025-03-01 16:41:11
23,691,6404,78,2025-11-27 06:18:32
23,713,517,27,2025-08-15 09:58:56
23,718,8296,43,2025-06-25 23:18:47
23,775,3917,49,2025-01-05 13:50:25
23,776,4885,1,2025-10-01 12:03:12
23,797,3522,22,2025-06-14 14:40:30
24,3,2763,40,2025-03-28 12:25:44
24,56,4995,62,2025-05-16 03:33:14
24,233,1507,43,2025-12-07 13:51:17
24,418,1896,53,2025-11-27 00:07:52
24,518,2720,64,2025-02-19 04:25:01
24,601,5584,42,2025-07-13 22:47:08
24,606,1013,82,2025-10-30 21:50:01
24,627,7645,77,2025-01-07 04:20:39
24,643,3597,91,2025-09-27 01:16:41
25,80,2138,87,2025-05-15 19:41:54
25,111,6327,65,2025-05-16 19:29:26
25,163,9989,95,2025-11-13 12:59:23
25,164,2312,81,2025-05-12 16:15:03
25,266,632,5,2025-05-04 22:14:57
25,277,2325,22,2025-12-09 21:04:12.511040
25,339,2341,74,2025-12-07 15:28:46
25,415,7186,49,2025-08-07 06:12:17
25,430,4188,6,2025-08-31 06:32:40
25,432,2800,10,2025-01-10 19:57:05
25,459,5632,80,2025-01-05 07:44:50
25,470,7475,33,2025-10-10 08:27:12
25,525,9282,9,2025-11-29 07:59:27
25,573,742,99,2025-07-06 17:59:19
25,623,8386,3,2025-03-28 21:46:53
25,624,2570,87,2025-06-22 07:59:36
25,662,8401,37,2025-03-03 08:20:50
25,688,6923,82,2025-08-03 14:07:39
25,732,2769,15,2025-07-01 15:53:17
25,773,5024,100,2025-09-27 18:44:46
26,29,1397,95,2025-08-04 12:09:54
26,49,7802,69,2025-07-05 10:15:29
26,136,3896,75,2025-11-06 07:00:49
26,305,4640,27,2025-10-03 08:45:21
26,409,2582,82,2025-01-28 19:14:21
26,417,7105,87,2025-11-07 08:17:21
26,423,7130,69,2025-12-02 01:43:49
26,574,3258,11,2025-02-03 09:06:41
26,614,2882,71,2025-06-06 14:43:32
26,721,5215,34,2025-09-12 01:32:55
26,749,9946,60,2025-03-17 05:19:56
27,53,5163,19,2025-03-17 05:50:34
27,537,2807,97,2025-05-01 08:11:58
27,652,1649,1,2025-04-15 01:38:47
27,793,8811,17,2025-12-01 03:27:19
27,797,2376,42,2025-01-26 03:11:58
28,149,4659,57,2025-05-21 03:56:13
28,332,6611,26,2025-11-19 18:55:18
28,339,5936,87,2025-09-21 00:34:37
28,593,8449,60,2025-05-15 02:27:16
28,759,1525,11,2025-11-17 12:31:31
29,73,1159,72,2025-03-30 01:36:22
29,76,8893,0,2025-03-31 15:27:54
29,83,9760,14,2025-11-04 04:22:19
29,87,1064,49,2025-06-01 07:31:50
29,148,1760,60,2025-04-25 00:20:53
29,152,8819,9,2025-12-09 21:04:12.511040
29,225,4592,73,2025-11-04 14:43:45
29,321,897,66,2025-01-19 14:00:49
29,324,1615,67,2025-02-22 23:15:52
29,393,5459,45,2025-05-13 14:12:35
29,410,7630,98,2025-09-11 00:09:16
29,413,5729,95,2025-02-02 18:15:56
29,437,6789,100,2025-04-09 02:31:23
29,450,4884,72,2025-08-30 14:29:51
29,492,6156,29,2025-05-01 00:00:17
29,524,4495,68,2025-12-09 21:04:12.511040
29,532,6496,43,2025-02-27 20:56:20
29,540,2845,19,2025-05-25 14:15:52
29,556,8147,65,2025-08-17 07:14:38
29,565,8727,4,2025-03-16 06:49:50
29,660,2317,47,2025-11-06 16:37:12
29,796,8314,51,2025-02-24 11:33:44
30,2,7736,40,2025-09-24 15:03:03
30,41,6140,87,2025-08-31 22:07:23
30,185,8368,67,2025-01-01 13:47:35
30,242,2860,65,2025-07-22 23:04:52
30,276,5215,87,2025-07-01 08:39:03
30,350,3201,49,2025-08-10 19:14:58
30,375,3133,5,2025-06-04 12:02:18
30,430,3341,78,2025-03-28 22:11:57
30,489,4386,47,2025-01-08 19:53:11
30,495,947,90,2025-08-07 11:40:58
30,498,8424,27,2025-08-19 00:11:45
30,664,9976,41,2025-08-26 04:42:31
30,671,7537,50,2025-12-04 23:02:31
30,761,6742,37,2025-10-24 21:48:09
30,775,7942,79,2025-02-13 02:14:05
30,789,7544,72,2025-01-28 07:25:01
