"1","2","10","66","2025-11-30 17:10:23.057936"
"2","7","2","38","2025-05-20 14:07:02.794897"
"3","11","22","30","2025-12-02 13:55:06.624033"
"4","17","6","128","2025-05-03 22:31:44.182227"
"5","30","10","99","2025-10-02 08:36:07.522784"
"6","33","6","69","2025-10-17 19:35:45.049769"
"7","42","12","150","2025-02-12 12:48:41.680343"
"8","48","14","101","2025-03-12 07:40:42.480401"
"9","63","23","123","2025-05-20 09:33:42.844393"
"10","64","23","33","2025-07-08 20:05:24.676506"
"11","65","20","70","2025-02-21 19:44:41.881846"
"12","67","2","57","2025-08-17 11:51:49.481793"
"13","74","23","82","2025-09-25 13:34:36.903193"
"14","80","14","90","2025-04-11 12:50:02.571274"
"15","82","27","138","2025-02-21 09:00:43.450518"
"16","84","15","74","2025-07-15 14:15:24.457076"
"17","89","24","36","2025-11-13 12:08:51.794779"
"18","97","29","14","2025-07-11 06:09:53.094510"
"19","98","15","100","2025-01-05 02:26:08.807231"
"20","101","13","139","2025-06-15 20:54:30.611644"
"21","102","13","39","2025-10-12 05:11:01.080780"
"22","104","15","114","2025-11-10 10:04:11.706987"
"23","107","30","53","2025-08-14 14:22:12.160245"
"24","123","23","148","2025-05-03 00:00:46.702913"
"25","128","15","8","2025-07-03 11:38:58.416848"
"26","131","24","113","2025-08-04 00:06:29.458070"
"27","143","13","95","2025-10-26 07:36:14.364541"
"28","148","6","37","2025-04-26 10:38:42.347111"
"29","153","19","20","2025-06-27 19:07:36.972566"
"30","154","21","50","2025-11-20 17:59:10.422314"
"31","160","13","74","2025-06-29 00:25:40.596806"
"32","161","21","40","2025-07-27 06:23:38.426571"
"33","163","6","126","2025-05-18 17:41:24.620880"
"34","170","5","109","2025-05-08 01:50:59.697379"
"35","172","2","121","2025-06-03 13:54:50.283958"
"36","186","29","133","2025-01-24 05:09:03.501702"
"37","189","22","58","2025-07-11 11:08:06.647881"
"38","194","9","25","2025-01-05 10:43:38.919752"
"39","212","18","34","2025-08-23 10:54:46.291907"
"40","215","8","137","2025-10-16 02:23:13.402943"
"41","222","7","7","2025-10-18 22:45:18.044734"
"42","228","2","42","2025-07-04 22:06:18.638219"
"43","233","4","68","2025-11-28 17:01:32.002842"
"44","239","8","28","2025-03-05 06:36:24.928149"
"45","247","26","45","2025-07-03 21:45:16.306033"
"46","250","21","94","2025-07-23 14:25:12.668319"
"47","253","23","34","2025-04-12 03:47:53.153971"
"48","254","20","4","2025-03-14 12:22:46.575228"
"49","257","20","101","2025-07-19 11:14:02.768709"
"50","258","2","25","2025-10-09 11:11:07.956833"
"51","262","5","72","2025-09-21 22:18:05.736646"
"52","266","1","24","2025-11-10 21:42:13.757331"
"53","270","18","147","2025-10-15 02:23:16.398689"
"54","271","6","67","2025-07-11 08:24:40.309886"
"55","274","20","27","2025-09-10 04:29:42.680359"
"56","275","13","28","2025-06-06 23:03:37.472583"
"57","284","19","43","2025-02-03 20:03:27.597034"
"58","286","22","120","2025-06-29 13:11:50.876409"
"59","295","6","99","2025-02-21 03:47:28.442380"
"60","296","13","119","2025-07-27 23:47:17.803744"
"61","303","17","89","2025-08-12 13:37:23.770857"
"62","304","8","81","2025-05-16 12:59:28.646328"
"63","305","14","120","2025-07-23 07:14:44.454365"
"64","306","15","65","2025-03-05 17:17:11.772460"
"65","315","8","133","2025-06-09 10:02:59.318133"
"66","318","24","35","2025-08-27 01:40:12.400400"
"67","320","17","120","2025-05-31 18:19:08.190440"
"68","321","22","95","2025-03-12 18:03:41.317783"
"69","323","13","53","2025-05-07 15:01:21.092983"
"70","326","18","133","2025-03-31 13:58:07.400131"
"71","332","22","88","2025-02-10 05:56:15.975928"
"72","344","23","112","2025-11-18 12:05:45.998272"
"73","348","23","111","2025-05-19 14:26:41.801636"
"74","360","30","87","2025-09-23 15:54:33.292296"
"75","361","13","47","2025-04-02 21:06:39.080356"
"76","368","29","111","2025-04-09 00:29:32.934335"
"77","372","9","41","2025-08-25 15:31:08.945483"
"78","377","15","101","2025-07-18 06:31:32.431645"
"79","379","1","119","2025-11-05 16:39:15.549860"
"80","380","15","16","2025-02-18 05:23:10.594503"
"81","387","23","24","2025-08-24 14:41:58.308526"
"82","400","22","111","2025-03-17 09:04:24.824409"
"83","402","15","115","2025-04-09 05:23:36.532002"
"84","405","19","96","2025-01-01 14:39:33.982566"
"85","412","16","136","2025-02-13 19:13:50.156024"
"86","417","27","24","2025-11-17 13:41:35.557215"
"87","422","12","1","2025-09-01 18:45:02.261442"
"88","423","29","66","2025-08-28 07:36:43.244264"
"89","434","6","127","2025-05-01 14:02:41.163093"
"90","435","8","65","2025-04-15 12:35:47.425614"
"91","438","13","63","2025-08-09 23:38:06.707785"
"92","441","23","143","2025-05-31 14:10:01.644534"
"93","447","30","68","2025-06-22 17:20:18.630101"
"94","457","29","19","2025-03-04 07:02:01.082986"
"95","458","18","74","2025-08-14 15:33:45.716028"
"96","460","23","2","2025-05-09 03:24:10.650452"
"97","463","8","60","2025-02-02 00:50:36.802542"
"98","466","20","140","2025-03-09 05:14:08.546648"
"99","470","19","94","2025-02-20 17:03:55.886921"
"100","481","2","114","2025-02-13 12:49:50.460540"
"101","489","12","66","2025-10-21 15:31:47.938911"
"102","490","30","108","2025-03-19 04:35:38.604401"
"103","491","18","138","2025-07-18 12:27:33.937423"
"104","506","30","22","2025-01-27 22:54:47.896803"
"105","508","29","127","2025-01-25 21:59:53.403960"
"106","509","29","100","2025-01-18 05:19:26.088032"
"107","517","2","79","2025-02-12 12:11:00.821103"
"108","519","12","25","2025-03-21 14:50:51.967335"
"109","522","23","81","2025-03-20 07:22:06.709852"
"110","528","29","93","2025-07-08 03:02:45.976110"
"111","532","22","34","2025-08-02 05:54:25.604641"
"112","534","18","17","2025-05-22 20:02:53.598835"
"113","537","13","121","2025-09-08 22:12:22.265376"
"114","546","8","85","2025-05-27 08:34:30.268888"
"115","552","20","122","2025-05-04 11:52:01.820662"
"116","554","24","55","2025-08-24 08:39:59.801168"
"117","557","29","127","2025-01-06 01:36:59.234119"
"118","559","14","53","2025-09-01 05:01:08.640391"
"119","570","12","114","2025-09-23 13:52:35.333328"
"120","582","14","143","2025-03-16 08:27:02.306053"
"121","587","25","97","2025-01-06 10:17:33.979011"
"122","594","25","25","2025-02-10 20:01:35.503239"
"123","599","4","45","2025-01-16 02:09:33.737706"
"124","604","27","46","2025-03-09 21:34:21.272144"
"125","607","6","117","2025-11-27 17:20:41.210294"
"126","613","17","128","2025-04-22 19:23:27.006775"
"127","616","20","112","2025-04-03 13:17:26.811670"
"128","624","22","70","2025-12-04 11:19:40.053939"
"129","625","24","5","2025-05-11 15:24:59.120203"
"130","628","27","141","2025-07-23 19:42:44.202071"
"131","629","29","29","2025-02-16 15:59:49.674577"
"132","630","3","113","2025-11-14 13:26:53.796070"
"133","633","4","136","2025-07-14 21:59:50.286813"
"134","635","4","97","2025-08-14 21:15:05.785461"
"135","640","20","7","2025-06-09 13:31:59.024732"
"136","643","24","144","2025-01-01 11:22:50.871737"
"137","647","30","50","2025-09-25 10:06:56.797143"
"138","649","17","46","2025-01-16 08:05:51.777623"
"139","653","8","54","2025-07-07 01:33:21.337325"
"140","657","20","3","2025-05-08 10:31:19.429280"
"141","660","2","34","2025-05-13 15:49:46.838579"
"142","672","24","120","2025-05-05 13:11:15.250495"
"143","679","15","130","2025-06-14 18:35:51.008258"
"144","680","8","48","2025-08-23 05:05:49.782479"
"145","687","5","25","2025-08-10 18:57:07.135375"
"146","691","2","26","2025-10-16 07:34:19.829383"
"147","695","15","53","2025-09-13 19:13:12.138898"
"148","696","29","58","2025-03-06 18:23:57.222970"
"149","703","10","69","2025-02-12 03:08:48.300698"
"150","704","3","84","2025-08-31 03:26:08.334234"
"151","709","2","16","2025-08-18 17:03:56.113003"
"152","711","9","64","2025-09-29 00:31:21.769948"
"153","714","23","17","2025-02-01 00:49:36.312073"
"154","716","13","63","2025-05-01 05:44:57.116586"
"155","719","23","23","2025-03-19 08:05:54.921369"
"156","724","13","87","2025-09-17 21:45:58.087544"
"157","732","20","85","2025-07-27 02:20:17.753709"
"158","736","13","107","2025-01-09 14:20:59.929493"
"159","743","11","87","2025-08-30 23:50:14.032889"
"160","744","13","144","2025-08-12 14:29:12.954982"
"161","754","11","10","2025-09-18 20:51:36.641796"
"162","757","5","122","2025-02-18 11:44:29.626746"
"163","759","29","102","2025-03-12 15:35:01.880213"
"164","763","1","46","2025-07-21 01:23:10.588459"
"165","766","17","97","2025-05-06 13:44:44.702147"
"166","770","9","20","2025-01-02 10:34:54.609276"
"167","772","30","21","2025-05-08 06:37:25.681793"
"168","773","8","146","2025-10-19 18:06:39.533920"
"169","778","7","41","2025-01-11 22:18:37.556297"
"170","779","17","13","2025-01-12 11:57:17.678575"
"171","780","19","67","2025-09-14 11:31:30.283516"
"172","783","15","5","2025-07-23 12:13:37.421244"
"173","787","29","52","2025-10-14 15:23:04.872187"
"174","797","8","91","2025-10-31 13:05:52.615520"
"175","806","14","111","2025-08-04 14:35:20.805574"
"176","808","2","2","2025-05-08 06:22:04.564426"
"177","811","29","4","2025-07-16 11:09:07.055805"
"178","814","6","99","2025-05-16 15:30:16.419554"
"179","815","17","45","2025-06-27 09:33:11.881521"
"180","819","1","101","2025-11-05 10:15:52.557847"
"181","824","23","52","2025-10-17 08:49:49.445389"
"182","828","24","127","2025-11-27 10:05:25.864455"
"183","830","29","87","2025-03-23 06:55:25.496818"
"184","831","17","48","2025-10-01 10:32:49.612160"
"185","832","27","51","2025-10-18 09:21:05.081789"
"186","835","21","83","2025-11-09 14:24:13.106675"
"187","840","22","29","2025-01-24 00:36:41.758349"
"188","843","23","105","2025-10-22 02:20:10.138793"
"189","851","19","21","2025-02-18 07:02:21.859041"
"190","856","18","136","2025-11-22 02:10:57.068328"
"191","866","28","87","2025-02-08 12:58:47.857690"
"192","870","3","15","2025-02-27 21:29:58.660428"
"193","876","9","97","2025-01-29 17:57:36.563112"
"194","885","14","77","2025-07-02 08:04:34.374270"
"195","887","18","129","2025-06-20 03:03:05.645259"
"196","889","6","46","2025-04-06 14:03:37.432423"
"197","890","8","32","2025-10-02 18:44:31.689178"
"198","892","7","125","2025-01-25 00:10:14.513042"
"199","901","22","90","2025-10-17 14:41:31.965287"
"200","905","8","80","2025-05-06 10:13:55.892621"
"201","909","11","46","2025-07-01 13:01:58.743592"
"202","912","21","28","2025-04-14 11:43:51.762985"
"203","915","6","145","2025-01-29 12:36:40.121154"
"204","916","11","104","2025-01-26 06:15:24.009102"
"205","919","11","63","2025-07-03 12:33:17.422312"
"206","922","30","38","2025-03-07 16:22:35.869476"
"207","925","19","111","2025-02-08 16:09:11.966680"
"208","928","10","6","2025-11-22 11:58:35.258522"
"209","934","20","127","2025-03-31 23:57:00.209009"
"210","935","17","86","2025-10-31 05:33:15.506258"
"211","940","6","88","2025-07-24 17:56:34.092781"
"212","947","22","5","2025-03-23 13:34:21.465585"
"213","948","7","83","2025-01-23 23:42:49.513585"
"214","950","2","93","2025-12-06 17:39:50.955698"
"215","952","15","5","2025-09-29 22:17:44.026888"
"216","953","10","149","2025-08-18 05:21:05.208667"
"217","954","16","79","2025-06-20 03:36:11.750471"
"218","957","15","7","2025-04-29 22:12:27.741924"
"219","959","6","33","2025-08-31 10:41:25.685994"
"220","964","13","58","2025-12-06 01:22:00.811413"
"221","966","5","74","2025-01-15 05:55:29.762326"
"222","968","13","71","2025-09-21 16:13:48.546768"
"223","974","29","13","2025-10-02 04:24:27.045402"
"224","983","15","63","2025-06-28 13:10:07.653844"
"225","984","6","55","2025-01-08 04:33:29.511717"
"226","987","19","144","2025-02-11 14:37:20.232801"
"227","992","15","82","2025-11-26 17:32:07.066065"
"228","997","28","103","2025-11-09 09:56:26.953825"
"229","1003","9","79","2025-05-14 10:22:15.825525"
"230","1005","24","147","2025-01-06 12:29:31.692301"
"231","1007","4","132","2025-08-16 14:22:22.296108"
"232","1009","29","27","2025-09-22 23:37:59.933182"
"233","1023","17","132","2025-04-20 08:27:23.580873"
"234","1040","19","45","2025-05-13 00:40:39.348669"
"235","1047","27","12","2025-09-07 00:27:58.608552"
"236","1054","22","76","2025-07-16 01:56:48.976123"
"237","1055","25","68","2025-02-15 09:49:57.928894"
"238","1056","12","1","2025-08-25 21:08:37.708771"
"239","1058","22","89","2025-01-08 05:55:53.575462"
"240","1060","3","13","2025-06-17 17:19:06.308930"
"241","1062","22","10","2025-07-29 09:22:53.948076"
"242","1068","8","103","2025-04-22 05:32:52.843965"
"243","1071","1","15","2025-08-16 15:52:12.617916"
"244","1078","7","86","2025-01-17 02:28:18.707129"
"245","1081","13","114","2025-10-16 11:11:29.054494"
"246","1084","13","11","2025-05-26 18:53:32.756622"
"247","1092","15","127","2025-10-20 18:36:52.321640"
"248","1095","23","10","2025-04-16 14:58:02.128428"
"249","1096","9","76","2025-05-10 20:00:44.114838"
"250","1099","23","101","2025-11-13 15:48:13.170031"
"251","1104","23","11","2025-05-21 14:56:40.718389"
"252","1106","1","40","2025-12-06 05:07:34.703782"
"253","1107","10","36","2025-08-24 00:21:31.328990"
"254","1110","30","5","2025-06-16 10:48:26.943581"
"255","1111","18","74","2025-08-12 07:17:07.215590"
"256","1114","7","3","2025-06-01 13:31:04.664170"
"257","1121","2","39","2025-06-12 00:57:10.908651"
"258","1127","30","25","2025-01-22 21:22:09.721209"
"259","1138","3","69","2025-04-24 09:04:06.795575"
"260","1140","6","106","2025-03-02 04:59:14.193171"
"261","1142","23","150","2025-04-25 23:07:24.293505"
"262","1148","13","25","2025-09-07 01:48:54.417575"
"263","1149","9","100","2025-01-06 12:22:33.891384"
"264","1153","24","125","2025-05-16 18:59:23.900900"
"265","1154","20","109","2025-04-24 18:52:13.458252"
"266","1156","29","80","2025-03-22 11:14:52.896452"
"267","1158","14","32","2025-12-08 04:05:20.453577"
"268","1161","30","59","2025-04-03 11:20:13.000844"
"269","1164","5","81","2025-01-02 03:05:40.462486"
"270","1167","14","146","2025-02-19 22:58:38.651043"
"271","1169","21","36","2025-06-06 13:55:22.040536"
"272","1172","18","111","2025-11-09 23:11:05.946685"
"273","1176","1","65","2025-02-15 11:08:25.817945"
"274","1177","8","148","2025-09-28 03:33:35.644489"
"275","1181","23","121","2025-04-14 18:19:32.635509"
"276","1185","15","80","2025-02-28 19:03:24.153328"
"277","1186","2","75","2025-01-05 00:34:55.975333"
"278","1190","25","47","2025-06-12 19:43:11.703514"
"279","1193","12","135","2025-11-20 13:00:35.487091"
"280","1194","29","109","2025-04-03 03:07:42.921189"
"281","1196","25","42","2025-02-14 06:57:32.231977"
"282","1205","13","48","2025-11-16 09:15:55.146897"
"283","1206","19","72","2025-07-22 18:46:31.194266"
"284","1207","30","96","2025-05-29 10:25:33.937935"
"285","1210","13","144","2025-09-23 18:27:11.977553"
"286","1213","28","15","2025-11-09 19:12:45.984883"
"287","1217","18","59","2025-09-06 09:32:35.946783"
"288","1219","23","22","2025-01-09 19:06:57.226377"
"289","1220","25","65","2025-03-26 22:57:56.549257"
"290","1241","24","44","2025-07-13 09:29:26.339101"
"291","1244","23","3","2025-09-25 16:00:01.894804"
"292","1248","26","93","2025-01-23 09:47:24.053375"
"293","1249","18","86","2025-09-15 09:37:34.117863"
"294","1252","19","55","2025-01-26 15:27:03.940434"
"295","1255","23","111","2025-11-12 23:58:21.058984"
"296","1256","15","26","2025-06-16 10:41:03.537726"
"297","1257","7","26","2025-07-08 06:25:59.821057"
"298","1258","14","85","2025-11-05 22:39:32.812549"
"299","1266","3","36","2025-02-14 13:28:18.470040"
"300","1267","8","146","2025-02-21 07:18:05.437240"
"301","1269","16","141","2025-09-17 04:55:04.431803"
"302","1275","18","115","2025-07-23 05:43:29.947854"
"303","1278","8","123","2025-04-16 20:55:36.826847"
"304","1280","23","41","2025-01-17 08:12:48.068882"
"305","1284","14","100","2025-02-16 19:46:00.248022"
"306","1290","26","2","2025-03-18 11:02:57.898548"
"307","1295","1","93","2025-10-02 18:33:25.068174"
"308","1298","29","141","2025-06-24 21:31:10.492687"
"309","1302","25","85","2025-10-08 22:20:45.833842"
"310","1304","20","98","2025-01-22 20:26:58.574596"
"311","1310","19","4","2025-01-20 15:46:19.055837"
"312","1316","21","72","2025-02-17 00:10:05.235314"
"313","1325","25","59","2025-03-08 23:01:54.046913"
"314","1327","23","118","2025-02-08 11:51:04.890479"
"315","1330","15","112","2025-09-27 14:58:47.001627"
"316","1336","17","127","2025-10-29 07:43:43.226104"
"317","1337","25","147","2025-10-10 20:23:02.532018"
"318","1338","6","13","2025-02-13 22:36:52.110795"
"319","1346","27","61","2025-11-19 04:00:48.805373"
"320","1347","3","78","2025-03-27 19:05:10.425575"
"321","1355","30","105","2025-01-21 13:28:00.100436"
"322","1356","7","42","2025-09-02 01:06:11.283134"
"323","1357","26","55","2025-07-23 09:58:02.498852"
"324","1364","11","31","2025-03-06 15:42:56.966863"
"325","1372","15","98","2025-01-27 12:43:35.419922"
"326","1376","26","10","2025-08-27 20:36:31.049507"
"327","1379","23","86","2025-08-02 02:52:04.814291"
"328","1392","15","43","2025-11-06 02:24:51.373452"
"329","1398","5","131","2025-04-26 18:58:04.929108"
"330","1401","29","116","2025-09-25 12:07:21.683132"
"331","1406","29","144","2025-03-16 18:43:05.209375"
"332","1410","11","72","2025-06-17 17:45:52.010483"
"333","1419","2","51","2025-02-05 04:48:00.966493"
"334","1433","12","43","2025-10-15 09:51:00.287867"
"335","1436","10","91","2025-02-01 20:31:47.596315"
"336","1438","17","130","2025-09-02 13:02:22.274719"
"337","1446","30","117","2025-07-01 02:32:52.582905"
"338","1449","4","144","2025-06-11 05:58:04.066406"
"339","1451","15","72","2025-11-23 01:19:46.565538"
"340","1452","2","37","2025-12-08 07:32:50.099940"
"341","1466","7","34","2025-06-21 17:15:42.052718"
"342","1467","15","50","2025-07-30 07:20:39.015412"
"343","1475","23","27","2025-03-25 18:39:11.500930"
"344","1479","4","145","2025-09-14 19:02:05.698108"
"345","1481","10","56","2025-05-17 21:53:29.746536"
"346","1482","6","11","2025-10-08 05:15:17.145532"
"347","1492","23","12","2025-06-02 14:43:22.554533"
"348","1498","19","12","2025-09-25 16:12:22.214893"
"200000","3500","17","151","2025-02-11 00:13:48.334149"
"200001","3502","1","151","2025-06-08 19:33:59.451119"
"200002","3503","29","151","2025-10-23 08:50:57.183319"
"200003","3504","13","151","2025-06-09 11:04:53.062691"
"200004","3505","21","151","2025-02-16 21:28:09.313570"
"200005","3515","1","151","2025-10-03 09:15:39.681457"
