1,628,5,1,7470,0,2025-06-04 12:07:07
2,230,15,1,6527,0,2025-08-12 09:26:41
2,473,10,2,1162,0,
4,165,14,1,9850,0,2025-09-18 23:11:26
4,206,11,1,4329,0,2025-07-31 21:58:31
4,694,13,3,6067,0,2025-06-27 14:58:04
5,423,26,3,7130,0,
6,502,20,1,7569,0,
6,628,5,2,7470,0,2025-11-20 16:11:07
7,71,8,2,4213,0,2025-06-08 06:02:26
7,447,2,3,2626,0,2025-07-18 16:48:04
7,701,15,2,7154,0,2025-05-19 19:13:00
8,316,19,2,7659,0,2025-01-25 21:48:12
8,454,15,3,3052,0,2025-09-18 11:58:46
11,84,22,3,7811,0,
11,573,25,3,742,0,2025-08-14 18:26:52
13,361,1,2,3317,0,
14,612,20,1,1001,0,
14,789,19,1,7203,0,2025-11-23 12:27:48
16,69,12,2,506,0,2025-09-28 06:35:47
17,163,6,1,4869,0,2025-05-24 02:09:10
19,340,6,3,6433,0,
19,675,13,1,5145,0,2025-04-11 12:49:55
21,569,6,1,9701,0,2025-05-15 07:17:55
24,69,12,2,506,0,2025-11-10 04:31:39
24,434,20,3,2976,0,
24,537,27,1,2807,0,
24,636,13,3,8283,0,2025-07-09 00:21:09
25,408,5,1,8578,0,2025-05-04 00:46:51
25,419,6,3,8972,0,
26,23,3,2,3105,0,
26,242,30,1,2860,0,2025-10-20 05:08:07
29,434,20,2,2976,0,
30,698,10,1,526,0,2025-05-27 14:15:38
31,375,30,1,3133,0,2025-03-07 13:19:34
33,239,21,2,3252,0,2025-06-24 22:15:33
33,344,6,1,7156,0,
33,356,13,1,8276,0,
34,389,2,3,6464,0,2025-10-31 15:43:39
34,454,15,2,3052,0,2025-02-24 03:47:07
34,473,10,2,1162,0,2025-07-09 18:00:54
35,321,29,3,897,0,2025-06-02 16:15:34
36,324,29,2,1615,0,2025-10-21 18:44:19
38,194,23,1,4368,0,2025-07-12 11:59:05
38,573,25,3,742,0,2025-10-22 07:25:35
40,346,13,3,7953,0,
42,374,8,1,7124,0,2025-09-13 22:25:12
42,426,12,2,6757,0,2025-09-11 14:24:41
43,757,9,2,2457,0,2025-02-23 01:36:26
44,420,8,2,8839,0,
44,681,19,1,1956,0,2025-11-26 05:07:51
44,721,13,3,8839,0,2025-04-01 17:10:32
47,244,1,1,6888,0,
47,651,1,1,2760,0,2025-07-20 10:30:41
47,664,30,2,9976,0,2025-09-30 18:50:16
48,61,14,1,6053,0,2025-10-03 21:12:30
48,712,6,3,2271,0,
49,149,28,2,4659,0,2025-09-05 03:55:57
49,550,12,1,3942,0,2025-03-03 22:27:40
50,477,16,3,8803,0,
51,388,6,2,922,0,
51,540,3,3,8069,0,
53,545,23,3,3724,0,
54,183,11,1,2624,0,
55,522,23,2,905,0,2025-09-03 02:16:52
56,347,18,3,1067,0,2025-04-19 08:51:28
58,459,25,2,5632,0,
61,498,30,3,8424,0,2025-01-02 04:55:24
63,709,13,2,7536,0,2025-11-07 20:37:18
63,718,23,2,8296,0,2025-08-09 12:07:28
64,407,3,3,6929,0,2025-06-23 01:11:05
64,718,23,2,8296,0,
65,502,20,2,7569,0,2025-01-18 15:35:18
66,688,25,1,6923,0,
67,95,13,1,6251,0,2025-01-25 15:42:32
67,429,2,3,7059,0,2025-03-26 07:59:33
69,213,13,1,1934,0,
71,161,21,3,8051,0,2025-07-23 04:49:09
71,242,30,3,2860,0,2025-04-27 11:11:12
73,454,15,1,3052,0,2025-11-02 03:48:24
73,498,30,1,8424,0,2025-06-22 10:10:24
74,144,23,2,3321,0,
74,462,22,2,6365,0,
74,793,27,2,8811,0,2025-04-20 08:33:09
75,271,17,3,5733,0,2025-07-17 09:25:18
75,503,8,2,2011,0,2025-09-13 06:05:09
76,352,14,2,5874,0,2025-10-29 14:46:46
76,657,13,1,6680,0,2025-02-05 22:35:15
78,350,30,1,3201,0,2025-07-28 05:25:44
78,555,18,3,9031,0,
78,662,25,3,8401,0,
80,61,14,3,6053,0,2025-08-14 22:37:40
80,628,5,1,7470,0,2025-06-04 19:56:49
81,702,15,3,750,0,2025-10-14 16:27:52
82,53,27,3,5163,0,2025-05-13 18:13:10
83,603,16,3,4733,0,2025-06-15 02:39:05
84,546,22,1,1379,0,
84,625,15,2,9357,0,2025-03-16 06:01:10
85,503,8,1,2011,0,2025-10-15 12:14:41
86,734,6,1,5516,0,
88,214,7,1,6644,0,2025-11-12 10:48:57
88,762,6,3,4247,0,2025-12-08 00:09:36
89,56,24,1,4995,0,2025-09-15 15:08:55
90,386,6,1,4659,0,2025-02-08 15:12:31
91,403,8,1,4180,0,2025-10-16 07:54:55
91,624,8,3,9667,0,2025-04-21 15:44:48
92,394,10,2,8229,0,2025-03-16 10:16:10
92,636,13,3,8283,0,2025-12-08 11:46:41
93,158,16,2,6792,0,
94,671,30,3,7537,0,2025-03-08 22:42:27
96,423,26,3,7130,0,2025-07-16 02:10:59
96,724,19,1,5197,0,2025-09-17 18:37:52
97,83,29,2,9760,0,2025-07-05 07:13:58
98,506,15,1,8573,0,2025-11-25 03:40:15
99,2,30,2,7736,0,2025-07-18 11:19:13
99,294,15,2,6728,0,
99,545,23,1,3724,0,
100,186,11,3,8136,0,2025-09-16 21:23:40
100,652,27,1,1649,0,2025-09-13 08:17:24
101,233,24,2,1507,0,2025-10-13 15:15:09
101,498,30,3,8424,0,2025-07-06 06:36:31
101,530,13,2,7935,0,2025-04-26 09:52:56
101,703,2,2,6244,0,
102,32,5,3,3899,0,2025-07-21 09:51:44
102,381,3,3,3278,0,2025-07-30 14:19:03
102,675,13,1,5145,0,2025-08-15 17:50:21
104,230,15,2,6527,0,2025-07-05 12:36:43
105,347,18,2,1067,0,
105,580,8,2,8620,0,2025-06-28 22:57:11
106,164,25,1,2312,0,2025-07-17 04:33:19
107,2,30,1,7736,0,
107,698,10,3,526,0,
109,165,14,2,9850,0,2025-01-15 21:39:18
110,231,20,1,7281,0,
116,579,1,2,2919,0,
116,653,18,1,9695,0,2025-06-28 21:53:45
117,130,22,2,4475,0,2025-08-04 02:07:52
118,49,26,1,7802,0,
118,313,6,3,1776,0,
118,591,5,2,9106,0,2025-06-17 06:29:33
118,624,8,2,9667,0,
119,213,13,3,1934,0,2025-04-15 19:18:34
119,732,25,2,2769,0,2025-11-26 14:59:20
121,201,4,3,3910,0,
123,519,23,1,8631,0,2025-10-28 18:28:04
124,250,21,2,1521,0,
124,729,2,1,4524,0,
125,644,4,1,4721,0,2025-05-11 19:48:23
125,740,21,3,4562,0,2025-09-27 09:41:45
126,225,29,3,4592,0,2025-05-16 08:01:22
126,709,13,2,7536,0,2025-05-01 12:19:52
128,112,15,3,1934,0,
129,152,29,2,8819,0,2025-06-07 04:01:38
131,518,24,1,2720,0,
133,2,30,3,7736,0,2025-11-03 05:42:35
133,106,22,2,3084,0,2025-06-25 15:40:50
133,625,15,3,9357,0,2025-11-23 03:14:33
135,512,10,2,5598,0,2025-05-07 19:30:29
135,734,6,2,5516,0,
136,168,1,2,5797,0,2025-06-11 01:30:23
136,503,8,3,2011,0,2025-10-01 15:50:57
136,554,8,1,615,0,2025-10-30 15:37:34
137,231,3,2,8275,0,
137,413,29,3,5729,0,2025-10-24 09:58:31
138,605,17,2,8355,0,
138,628,5,2,7470,0,2025-04-26 03:14:14
139,480,14,1,4480,0,
140,65,17,1,6796,0,2025-01-27 06:50:26
141,36,19,2,4912,0,2025-01-14 23:34:10
141,623,25,1,8386,0,2025-10-17 08:31:33
141,627,3,1,8750,0,2025-07-15 17:35:47
141,690,14,3,3244,0,2025-09-26 17:59:09
142,30,13,3,8698,0,2025-01-07 11:07:34
142,175,1,1,592,0,2025-11-30 11:03:38
143,611,13,3,5998,0,2025-01-13 09:53:02
144,41,30,3,6140,0,2025-09-30 00:12:19
145,230,15,2,6527,0,2025-03-25 10:24:44
145,271,7,2,2167,0,2025-02-18 14:38:56
145,514,6,3,671,0,2025-09-20 12:32:54
146,79,22,1,8289,0,2025-10-21 12:12:00
146,239,21,2,3252,0,2025-06-28 05:13:19
146,300,19,2,4576,0,2025-08-18 06:55:47
147,702,15,2,750,0,2025-01-30 02:47:53
148,351,6,3,3262,0,
148,454,15,3,3052,0,2025-11-11 21:26:27
148,490,8,3,5603,0,2025-12-09 10:32:38
148,797,27,1,2376,0,2025-06-27 12:21:20
151,433,9,3,6797,0,
152,508,18,1,3799,0,2025-11-25 16:23:11
153,485,8,3,2042,0,2025-08-03 06:05:41
153,681,19,3,1956,0,
154,132,21,1,3981,0,
154,233,24,2,1507,0,
154,354,22,3,3770,0,2025-02-20 08:14:55
155,266,20,3,8320,0,2025-03-25 17:04:51
155,473,10,1,1162,0,2025-02-01 04:04:21
156,201,4,2,3910,0,
157,185,30,3,8368,0,
157,545,23,3,3724,0,2025-08-04 14:58:58
159,382,15,1,1871,0,2025-03-30 21:49:11
160,276,13,3,7400,0,
160,691,22,2,5371,0,
161,574,21,3,8782,0,2025-09-14 10:39:22
162,678,22,1,7002,0,2025-10-09 07:11:08
163,611,13,3,5998,0,2025-09-20 01:45:46
163,734,6,1,5516,0,2025-12-05 16:33:17
164,159,17,3,2688,0,2025-03-16 23:57:51
165,168,1,2,5797,0,2025-10-25 05:31:37
165,352,14,1,5874,0,2025-02-23 23:26:25
167,136,26,2,3896,0,2025-09-17 17:22:12
168,53,27,3,5163,0,2025-07-30 22:49:46
170,29,26,3,1397,0,
170,591,5,2,9106,0,2025-01-07 03:43:10
172,106,22,2,3084,0,2025-08-02 15:08:28
172,341,2,3,7570,0,
174,618,23,2,3683,0,2025-11-09 06:09:20
175,152,29,3,8819,0,2025-01-18 18:45:14
179,140,13,2,8465,0,2025-12-01 00:01:27
179,246,3,2,5768,0,2025-03-22 00:08:08
179,344,6,2,7156,0,2025-05-08 21:46:42
180,241,6,3,8822,0,2025-11-27 04:39:54
181,405,3,2,5026,0,
181,459,25,3,5632,0,2025-01-12 11:04:23
182,529,15,2,9361,0,2025-07-07 12:42:31
183,61,14,1,6053,0,2025-02-10 20:53:23
183,324,17,1,2822,0,2025-11-19 03:23:21
183,660,29,2,2317,0,2025-08-20 21:29:51
184,244,1,1,6888,0,2025-11-04 19:19:47
185,579,23,2,770,0,
185,796,29,2,8314,0,2025-03-10 00:19:43
186,76,29,3,8893,0,2025-08-10 23:08:25
186,442,23,3,8688,0,
187,158,16,1,6792,0,
188,80,25,2,2138,0,2025-01-27 23:22:01
188,106,22,2,3084,0,2025-10-23 04:39:43
188,339,28,2,5936,0,
188,489,30,1,4386,0,
189,271,7,3,2167,0,2025-04-11 02:25:26
189,764,22,2,721,0,2025-04-12 20:40:04
191,459,25,3,5632,0,
192,652,27,2,1649,0,2025-10-02 19:31:25
192,764,22,2,721,0,2025-07-11 22:31:28
194,132,21,2,3981,0,2025-03-16 05:29:23
194,149,9,1,6377,0,2025-05-18 07:53:21
196,244,1,3,6888,0,2025-11-06 03:53:41
196,336,19,1,4449,0,2025-04-26 12:02:17
196,398,20,3,2112,0,2025-09-02 23:42:40
197,709,13,1,7536,0,2025-04-29 14:04:04
199,759,28,1,1525,0,2025-10-30 23:32:21
201,43,13,1,9890,0,
202,419,6,2,8972,0,2025-09-30 06:28:32
202,660,29,1,2317,0,2025-02-28 12:58:14
205,174,20,2,2880,0,2025-02-12 08:39:11
206,465,13,1,7319,0,2025-06-15 16:31:44
207,126,20,1,3817,0,2025-05-01 19:58:44
208,465,13,1,7319,0,2025-10-16 22:51:44
208,493,3,1,1298,0,2025-07-11 15:03:50
210,132,21,2,3981,0,2025-09-26 01:50:10
212,566,18,2,2086,0,2025-10-18 02:32:37
213,56,4,2,6646,0,2025-07-10 23:51:05
213,126,14,1,1272,0,
215,490,8,1,5603,0,
216,723,21,2,844,0,2025-10-02 20:33:29
217,571,15,2,880,0,2025-01-17 20:15:24
220,339,25,1,2341,0,2025-05-20 11:03:20
221,113,5,3,1775,0,
221,313,6,2,1776,0,
222,449,7,2,7138,0,2025-03-24 11:28:55
222,618,23,3,3683,0,2025-03-04 08:42:35
222,624,8,1,9667,0,
224,149,9,1,6377,0,
224,305,26,1,4640,0,
224,497,17,2,4956,0,2025-06-30 22:50:03
225,206,11,3,4329,0,2025-04-29 22:30:31
225,225,29,1,4592,0,2025-09-09 05:45:19
225,570,8,2,2001,0,2025-05-08 10:46:28
225,647,14,3,8628,0,2025-09-18 09:07:30
228,366,5,3,9575,0,
228,447,2,1,2626,0,2025-09-19 00:50:13
229,71,3,1,6940,0,2025-09-15 08:48:39
229,280,13,3,7133,0,2025-09-24 12:20:37
229,393,29,3,5459,0,
230,373,1,2,2333,0,2025-02-17 03:21:49
230,393,29,3,5459,0,2025-02-21 03:22:43
230,411,23,2,2191,0,2025-04-22 17:44:06
231,83,29,2,9760,0,2025-09-19 06:44:49
231,260,20,3,9139,0,
231,652,27,2,1649,0,
232,3,24,1,2763,0,2025-09-28 15:49:32
233,772,4,1,7226,0,2025-10-29 00:01:25
234,375,30,1,3133,0,2025-05-30 22:12:46
235,61,14,3,6053,0,2025-09-15 19:01:59
236,113,10,2,8985,0,2025-02-02 16:33:04
236,343,14,2,7611,0,
239,236,8,2,9654,0,2025-09-23 16:55:30
239,423,26,1,7130,0,2025-11-04 00:55:43
241,49,26,1,7802,0,2025-11-09 05:58:38
241,61,14,1,6053,0,2025-06-07 23:08:26
241,675,13,3,5145,0,2025-06-11 12:16:23
244,373,1,1,2333,0,2025-03-21 18:50:43
244,503,8,2,2011,0,2025-05-01 22:07:30
247,721,26,2,5215,0,2025-02-03 09:10:43
249,772,4,1,7226,0,
250,71,3,1,6940,0,2025-06-03 00:27:05
250,410,29,2,7630,0,2025-11-26 23:42:10
250,596,21,2,9236,0,
251,713,23,2,517,0,
252,593,28,1,8449,0,
252,643,24,1,3597,0,2025-09-09 18:35:47
253,718,23,1,8296,0,
254,231,20,1,7281,0,2025-01-24 19:25:03
254,490,8,1,5603,0,2025-11-01 07:14:34
255,321,29,1,897,0,
255,554,8,2,615,0,2025-12-02 09:55:17
256,555,18,1,9031,0,2025-02-05 10:59:05
256,605,17,3,8355,0,
257,174,20,2,2880,0,
257,344,6,1,7156,0,2025-06-19 07:22:59
257,575,19,1,6174,0,2025-11-04 12:18:20
258,341,2,3,7570,0,
260,276,30,3,5215,0,
260,403,8,3,4180,0,2025-08-07 08:02:24
261,460,20,2,1456,0,2025-03-11 04:27:24
261,566,18,2,2086,0,
262,113,5,2,1775,0,2025-06-24 14:27:28
263,41,30,1,6140,0,2025-05-31 11:31:07
263,480,14,3,4480,0,
264,266,25,2,632,0,2025-11-16 21:41:21
264,530,13,3,7935,0,2025-11-20 10:46:20
265,138,13,3,9756,0,
265,721,13,3,8839,0,2025-03-14 17:40:06
266,289,1,1,9755,0,2025-08-09 03:01:42
267,591,5,3,9106,0,2025-03-28 07:48:43
268,175,1,3,592,0,2025-06-09 02:24:52
268,238,9,1,5045,0,2025-06-13 16:46:22
268,618,23,2,3683,0,2025-11-21 05:39:47
269,2,30,1,7736,0,2025-05-16 06:08:48
270,508,18,2,3799,0,
271,721,13,2,8839,0,2025-04-20 02:18:54
271,734,6,1,5516,0,2025-10-04 18:32:41
274,174,20,3,2880,0,
274,417,26,1,7105,0,2025-08-30 05:47:07
275,415,25,3,7186,0,2025-02-14 05:42:37
275,657,13,3,6680,0,2025-10-04 04:54:42
277,11,22,3,7882,0,
278,796,29,2,8314,0,2025-08-26 15:10:06
282,280,13,3,7133,0,
284,87,19,1,5630,0,2025-11-09 18:55:19
285,436,15,3,567,0,2025-08-26 07:20:55
286,79,22,1,8289,0,2025-05-22 09:00:42
287,475,1,2,1273,0,2025-03-15 04:27:02
288,116,11,2,3766,0,2025-03-31 11:29:13
289,413,29,2,5729,0,2025-10-18 05:04:07
291,574,21,3,8782,0,
292,375,30,1,3133,0,
293,398,20,1,2112,0,
294,239,21,3,3252,0,2025-02-16 17:29:43
295,407,3,1,6929,0,2025-02-19 16:57:19
295,754,6,2,6177,0,2025-02-09 21:40:04
296,141,18,2,3789,0,2025-08-08 09:13:46
296,721,13,2,8839,0,2025-09-01 13:37:01
297,43,13,3,9890,0,2025-02-21 01:06:01
298,36,19,1,4912,0,2025-04-29 06:53:37
298,662,15,3,2734,0,
299,186,11,3,8136,0,2025-10-29 13:12:48
299,434,20,3,2976,0,
300,136,5,1,8094,0,2025-08-28 14:29:16
300,732,13,3,598,0,
301,489,30,2,4386,0,2025-09-25 10:04:24
303,497,17,3,4956,0,
304,468,8,3,584,0,
304,603,16,1,4733,0,2025-08-13 23:15:43
304,792,6,1,3857,0,
305,197,15,2,7370,0,2025-08-21 15:48:05
305,343,14,3,7611,0,2025-01-16 01:08:44
306,202,15,2,7678,0,2025-05-26 23:49:50
306,497,17,2,4956,0,
307,64,15,1,1603,0,2025-10-28 12:37:34
307,775,30,2,7942,0,
310,694,13,3,6067,0,
310,797,27,3,2376,0,2025-02-14 23:56:53
311,277,25,3,2325,0,2025-09-06 22:07:49
311,413,29,1,5729,0,2025-02-07 03:30:45
313,611,13,2,5998,0,2025-05-30 22:36:32
314,86,19,2,8085,0,2025-08-31 06:25:14
314,141,18,2,3789,0,2025-06-27 00:19:44
314,718,23,3,8296,0,
315,148,8,2,6120,0,2025-04-11 09:02:18
317,192,10,2,4115,0,
318,643,24,2,3597,0,2025-09-16 20:29:24
319,386,6,2,4659,0,
319,678,22,3,7002,0,2025-04-09 14:21:23
320,46,17,2,7614,0,2025-08-25 04:35:17
321,765,22,2,2703,0,2025-11-28 18:25:27
323,280,13,2,7133,0,2025-06-19 01:42:14
323,352,14,3,5874,0,2025-09-02 00:59:45
323,356,13,3,8276,0,2025-10-30 20:05:35
323,628,5,1,7470,0,2025-10-26 11:44:54
324,765,22,2,2703,0,
326,555,18,2,9031,0,2025-04-12 10:21:03
326,765,22,3,2703,0,
327,415,25,1,7186,0,2025-03-01 20:43:10
328,350,30,1,3201,0,2025-03-18 17:38:52
329,86,19,1,8085,0,
330,1,15,2,7690,0,2025-04-04 10:45:27
331,681,19,2,1956,0,
332,354,22,2,3770,0,2025-11-14 23:13:09
332,623,7,3,3307,0,2025-01-26 11:31:50
333,130,22,1,4475,0,
333,433,9,1,6797,0,2025-02-12 07:09:02
334,723,21,2,844,0,
335,206,11,1,4329,0,2025-10-25 13:29:54
336,795,9,3,2476,0,
337,2,30,3,7736,0,
337,492,29,1,6156,0,2025-11-26 23:00:33
339,232,9,3,2619,0,
339,724,19,3,5197,0,2025-05-20 20:09:35
341,508,18,1,3799,0,2025-07-01 13:28:44
342,428,21,1,5405,0,2025-11-19 00:54:49
342,502,20,1,7569,0,
342,671,30,2,7537,0,2025-11-08 21:31:42
343,447,2,1,2626,0,
343,678,22,2,7002,0,2025-01-28 08:39:53
344,366,5,2,9575,0,2025-10-29 21:43:32
344,409,26,2,2582,0,2025-01-20 10:42:26
344,612,23,1,9211,0,2025-10-23 18:55:27
345,95,13,1,6251,0,
345,518,24,2,2720,0,2025-11-13 11:21:38
345,578,17,1,1020,0,
347,192,10,3,4115,0,
347,493,9,3,3027,0,2025-05-10 02:13:29
348,322,19,2,2378,0,2025-08-09 11:00:48
348,718,23,1,8296,0,
349,473,10,3,1162,0,2025-09-21 13:58:34
349,606,24,1,1013,0,
349,654,23,3,9129,0,
350,230,15,2,6527,0,
350,300,19,2,4576,0,2025-01-29 23:06:40
350,534,20,3,9538,0,
354,116,11,1,3766,0,2025-01-10 08:40:26
355,454,15,1,3052,0,2025-01-31 00:01:14
355,529,15,3,9361,0,2025-09-10 06:54:43
355,650,15,1,8523,0,2025-05-08 07:52:41
358,437,29,3,6789,0,
360,283,3,1,8047,0,
360,671,30,2,7537,0,2025-06-14 20:57:36
361,657,13,3,6680,0,2025-10-13 18:00:21
362,415,7,1,8363,0,2025-02-01 11:14:28
364,149,28,3,4659,0,2025-01-21 07:48:00
364,185,30,2,8368,0,2025-02-24 06:19:13
365,393,29,3,5459,0,2025-01-17 09:55:21
366,582,2,1,9775,0,2025-02-20 04:31:04
367,417,26,2,7105,0,2025-01-23 21:18:37
367,763,18,1,9847,0,2025-02-06 11:26:59
368,393,29,1,5459,0,2025-04-03 08:35:32
368,785,14,1,7731,0,2025-04-02 21:02:38
369,300,19,1,4576,0,2025-10-11 12:37:39
370,87,29,1,1064,0,2025-11-09 05:29:45
370,528,18,2,4160,0,2025-04-24 23:32:38
371,71,8,1,4213,0,2025-01-08 09:26:53
372,149,9,3,6377,0,2025-03-16 11:40:15
372,660,29,3,2317,0,
373,765,22,3,2703,0,2025-01-30 07:46:59
374,540,3,2,8069,0,
376,503,8,3,2011,0,2025-07-26 16:07:57
377,1,15,2,7690,0,2025-09-27 07:17:43
378,163,25,1,9989,0,2025-04-26 11:21:57
378,354,22,1,3770,0,2025-05-12 18:17:58
379,373,1,2,2333,0,
379,495,30,2,947,0,2025-04-16 11:56:30
380,382,15,3,1871,0,2025-11-17 23:06:52
382,316,19,1,7659,0,2025-11-22 09:17:02
382,382,15,1,1871,0,2025-08-02 17:44:15
382,417,26,1,7105,0,2025-06-04 03:03:57
383,654,23,2,9129,0,2025-08-18 17:10:41
384,214,7,3,6644,0,2025-06-28 19:27:45
384,430,25,2,4188,0,2025-02-16 10:56:22
384,796,29,3,8314,0,
385,503,8,1,2011,0,2025-11-28 16:27:34
387,132,19,3,5010,0,2025-03-19 15:54:11
387,514,23,1,3531,0,2025-04-10 23:13:23
389,646,4,2,9534,0,2025-08-25 01:27:56
390,430,30,3,3341,0,2025-04-01 10:35:33
392,624,25,3,2570,0,2025-06-14 20:19:53
394,354,22,3,3770,0,2025-04-03 03:03:42
394,531,14,2,3574,0,
395,258,13,1,7222,0,2025-02-28 20:01:24
395,526,10,3,9927,0,
396,734,6,3,5516,0,
397,2,30,2,7736,0,
397,197,15,3,7370,0,2025-01-04 23:46:35
398,295,6,1,8221,0,2025-04-09 03:32:34
400,258,13,1,7222,0,2025-03-28 20:20:00
400,283,22,1,4653,0,2025-06-26 20:33:16
400,423,22,2,868,0,2025-10-12 00:51:07
402,202,15,1,7678,0,
403,405,3,3,5026,0,2025-08-24 12:52:39
404,86,19,1,8085,0,2025-11-06 19:06:32
404,242,30,3,2860,0,2025-06-20 07:05:50
405,1,19,1,1816,0,2025-10-07 15:00:13
405,528,18,2,4160,0,
405,579,1,3,2919,0,2025-09-08 07:59:59
406,758,6,1,8471,0,2025-09-29 08:08:49
407,532,4,2,1071,0,2025-11-21 20:09:05
408,230,15,1,6527,0,2025-03-26 15:14:17
411,350,30,2,3201,0,2025-10-28 15:25:12
411,400,14,2,5704,0,2025-01-15 12:49:43
411,647,14,1,8628,0,2025-01-01 17:47:23
412,417,26,2,7105,0,2025-04-07 04:17:14
412,477,16,2,8803,0,2025-05-05 02:39:53
412,792,6,1,3857,0,2025-04-22 05:27:48
412,795,9,3,2476,0,2025-11-02 06:02:06
415,691,22,3,5371,0,2025-04-09 21:04:53
417,652,27,1,1649,0,2025-01-22 06:49:24
417,661,3,3,2247,0,2025-04-20 10:38:48
418,23,3,1,3105,0,2025-04-11 01:50:59
418,653,18,1,9695,0,
419,23,18,3,7692,0,2025-01-17 14:42:14
419,654,23,3,9129,0,2025-10-11 23:36:17
419,729,2,3,4524,0,2025-09-01 07:41:38
419,799,3,1,6533,0,2025-02-27 13:49:34
420,76,29,2,8893,0,
421,423,26,3,7130,0,2025-04-25 17:36:24
421,625,15,2,9357,0,
422,426,12,2,6757,0,2025-01-13 01:24:36
423,796,29,2,8314,0,2025-09-05 20:08:06
424,236,8,2,9654,0,2025-07-16 10:11:23
424,260,20,2,9139,0,
424,489,30,1,4386,0,2025-09-13 05:22:01
424,650,15,2,8523,0,2025-04-22 10:00:43
426,627,19,1,9475,0,2025-10-27 22:29:50
427,46,17,3,7614,0,2025-11-03 07:19:17
427,512,10,3,5598,0,2025-07-30 19:57:56
428,80,25,1,2138,0,2025-06-22 03:36:02
429,146,13,2,4648,0,2025-06-10 10:41:07
430,288,20,3,748,0,
430,729,2,1,4524,0,
433,271,7,3,2167,0,
433,618,23,2,3683,0,
434,32,5,2,3899,0,2025-02-16 07:48:05
434,569,6,2,9701,0,2025-10-31 01:10:44
435,554,8,3,615,0,2025-06-13 03:19:49
437,375,30,2,3133,0,2025-03-24 03:56:43
438,569,6,1,9701,0,
438,605,17,1,8355,0,2025-03-15 06:31:42
438,611,13,2,5998,0,2025-05-21 12:44:52
439,206,11,2,4329,0,2025-04-28 10:27:49
439,740,21,1,4562,0,2025-08-14 23:50:27
440,148,8,3,6120,0,2025-01-28 03:29:53
440,259,3,2,2217,0,2025-07-22 21:55:22
440,343,14,2,7611,0,
441,390,23,2,8017,0,2025-03-04 11:23:28
442,454,15,3,3052,0,2025-03-09 20:35:26
442,660,29,1,2317,0,2025-05-25 13:48:06
443,503,8,1,2011,0,
444,3,24,3,2763,0,
445,222,23,3,6451,0,
446,497,17,1,4956,0,2025-06-02 20:55:29
446,761,30,2,6742,0,
447,386,6,1,4659,0,2025-10-20 08:19:19
447,642,17,1,2448,0,2025-02-11 11:58:47
447,664,30,2,9976,0,2025-10-02 16:44:39
450,12,22,1,1598,0,2025-08-01 04:41:41
450,485,4,3,1179,0,2025-05-01 04:52:03
450,514,6,1,671,0,
451,546,20,3,4899,0,2025-07-07 08:49:53
452,246,3,1,5768,0,
452,678,22,2,7002,0,2025-04-01 08:55:38
453,231,3,2,8275,0,
453,407,3,1,6929,0,2025-07-23 22:05:36
453,619,3,1,5148,0,
454,462,22,1,6365,0,
454,694,13,1,6067,0,
455,65,17,3,6796,0,2025-01-08 01:14:32
455,260,20,3,9139,0,
455,271,17,2,5733,0,2025-04-03 07:15:15
455,418,24,3,1896,0,2025-10-07 14:35:17
456,723,21,2,844,0,2025-01-01 21:58:04
457,410,29,1,7630,0,2025-06-04 20:14:39
457,570,8,3,2001,0,2025-09-27 09:05:11
458,763,18,1,9847,0,
460,222,23,2,6451,0,2025-08-30 19:36:15
461,429,2,3,7059,0,2025-09-17 22:53:38
463,490,8,1,5603,0,
464,403,8,3,4180,0,2025-09-15 13:08:08
465,377,13,3,8197,0,2025-12-07 07:37:46
466,442,23,2,8688,0,2025-06-29 03:31:59
466,502,20,3,7569,0,2025-01-18 22:43:02
467,399,10,1,6959,0,2025-07-24 05:04:33
468,23,18,2,7692,0,2025-06-09 06:29:56
469,339,25,3,2341,0,
470,284,19,3,8900,0,2025-11-22 10:35:04
472,49,26,1,7802,0,2025-11-30 10:51:39
472,423,22,2,868,0,2025-03-30 16:06:43
472,591,5,1,9106,0,
473,393,29,2,5459,0,
474,546,22,1,1379,0,2025-05-24 05:35:36
474,605,17,2,8355,0,
474,700,15,1,9301,0,2025-08-31 07:09:59
475,354,22,3,3770,0,2025-03-08 18:14:44
476,384,20,3,5428,0,2025-03-18 18:25:55
476,442,23,1,8688,0,
476,490,8,1,5603,0,
477,259,3,3,2217,0,2025-02-22 21:09:18
477,690,2,3,4562,0,
480,116,11,1,3766,0,
480,386,6,3,4659,0,
480,761,30,3,6742,0,
481,76,29,1,8893,0,2025-02-15 16:34:27
481,447,2,1,2626,0,
483,403,8,2,4180,0,
488,141,18,2,3789,0,2025-08-22 06:23:04
488,580,8,2,8620,0,2025-08-21 13:20:22
489,637,12,3,4218,0,2025-04-12 16:50:56
490,671,30,2,7537,0,2025-07-03 05:13:04
491,195,18,2,1608,0,2025-05-24 01:26:32
491,582,2,3,9775,0,2025-11-28 22:46:16
491,612,20,3,1001,0,
492,643,24,2,3597,0,2025-10-06 15:00:52
492,729,2,2,4524,0,2025-05-24 21:59:03
493,116,11,2,3766,0,
493,393,29,2,5459,0,
495,419,6,1,8972,0,
497,675,13,3,5145,0,2025-04-24 13:36:41
498,381,3,3,3278,0,2025-03-05 19:01:08
499,11,22,2,7882,0,2025-08-16 09:27:14
499,335,11,1,9258,0,
500,407,3,3,6929,0,2025-11-10 08:50:28
500,502,20,3,7569,0,2025-02-23 05:24:08
500,555,18,2,9031,0,2025-02-22 17:42:34
502,183,11,3,2624,0,
502,405,3,2,5026,0,
503,112,15,3,1934,0,2025-09-30 08:04:14
503,644,4,3,4721,0,2025-04-04 19:05:47
505,522,23,3,905,0,2025-02-28 02:42:50
505,757,9,1,2457,0,2025-10-26 00:21:37
506,375,30,1,3133,0,2025-05-04 10:52:41
507,528,18,2,4160,0,2025-06-27 21:01:41
508,87,29,1,1064,0,2025-02-02 04:03:56
509,76,29,3,8893,0,
511,58,20,3,1828,0,2025-12-08 19:03:18
512,144,20,2,4284,0,
514,149,9,1,6377,0,2025-03-25 13:05:48
514,201,4,2,3910,0,2025-08-26 18:42:06
514,777,9,2,6626,0,
515,89,22,2,3938,0,2025-05-09 01:28:42
515,144,20,2,4284,0,
516,239,21,1,3252,0,
517,28,2,2,4049,0,
518,437,29,1,6789,0,2025-10-14 17:01:30
519,426,12,2,6757,0,2025-06-09 02:43:45
521,116,11,1,3766,0,2025-03-19 20:56:27
521,272,8,2,1429,0,2025-01-03 14:31:12
521,530,7,1,846,0,2025-08-13 14:57:22
521,582,2,1,9775,0,
522,306,23,2,3344,0,2025-05-16 12:54:25
522,612,20,2,1001,0,
523,437,29,1,6789,0,2025-03-22 19:46:12
523,569,6,3,9701,0,
524,662,15,1,2734,0,2025-11-20 12:23:08
525,605,17,1,8355,0,
527,15,19,1,5209,0,2025-10-13 01:22:12
527,242,30,2,2860,0,2025-06-10 17:38:40
527,681,19,1,1956,0,2025-06-20 13:48:55
528,152,29,1,8819,0,2025-09-25 00:44:05
529,335,11,3,9258,0,
530,646,4,3,9534,0,2025-09-29 13:30:12
531,582,2,3,9775,0,2025-04-18 15:27:46
531,700,15,1,9301,0,2025-08-12 11:32:25
531,764,22,2,721,0,2025-01-06 14:28:26
532,89,22,1,3938,0,
534,116,11,2,3766,0,2025-06-20 12:20:05
534,340,18,3,6210,0,2025-12-08 14:16:19
535,712,6,1,2271,0,2025-01-08 12:15:17
535,791,13,1,4239,0,2025-04-09 11:20:17
536,532,29,3,6496,0,2025-09-23 10:25:47
537,213,13,3,1934,0,2025-02-20 08:45:17
539,454,15,2,3052,0,2025-06-22 05:20:23
540,87,29,3,1064,0,2025-09-29 10:46:50
540,201,4,1,3910,0,2025-04-26 04:26:50
540,495,30,2,947,0,
541,194,23,2,4368,0,
542,172,23,2,2389,0,2025-05-30 01:45:18
542,258,13,3,7222,0,
542,588,9,1,6384,0,
543,651,1,1,2760,0,
543,773,25,1,5024,0,2025-08-01 12:13:31
544,526,10,3,9927,0,2025-06-25 13:48:37
545,417,26,1,7105,0,2025-11-16 23:04:41
546,236,8,1,9654,0,2025-09-29 00:07:43
547,743,11,1,632,0,
548,619,3,2,5148,0,
549,419,6,1,8972,0,
549,540,29,1,2845,0,2025-09-14 19:03:42
550,65,17,1,6796,0,2025-07-20 05:51:52
551,244,1,3,6888,0,2025-02-12 03:24:36
551,588,9,3,6384,0,2025-11-24 06:47:15
552,58,20,3,1828,0,2025-09-14 10:54:22
553,25,13,1,7808,0,2025-05-30 21:14:07
553,605,17,2,8355,0,2025-11-05 10:09:10
554,418,24,3,1896,0,
554,709,13,3,7536,0,2025-04-09 19:42:09
555,225,29,3,4592,0,
555,408,5,2,8578,0,
556,62,18,1,2601,0,
556,678,22,2,7002,0,2025-06-07 14:35:12
557,76,29,3,8893,0,
557,375,30,2,3133,0,
557,758,6,3,8471,0,2025-05-15 07:56:01
559,165,14,2,9850,0,
560,64,15,1,1603,0,2025-05-22 12:50:37
560,111,25,2,6327,0,2025-07-05 02:31:16
560,136,26,2,3896,0,2025-06-29 01:14:00
560,498,30,1,8424,0,2025-05-24 23:52:15
561,310,8,1,2253,0,2025-11-09 16:04:31
562,195,18,2,1608,0,2025-05-19 07:57:23
563,87,19,3,5630,0,
564,289,1,1,9755,0,2025-11-03 06:44:59
564,436,15,2,567,0,2025-07-21 17:28:36
566,69,12,1,506,0,
566,625,15,2,9357,0,2025-02-19 08:48:53
566,721,26,3,5215,0,
567,310,8,2,2253,0,2025-08-13 10:55:32
569,225,29,3,4592,0,2025-05-16 05:10:20
570,175,1,1,592,0,2025-10-11 12:02:30
570,426,12,1,6757,0,2025-05-21 02:30:51
571,490,8,1,5603,0,
573,58,20,2,1828,0,2025-05-07 12:31:53
573,540,29,2,2845,0,2025-12-06 01:18:13
573,694,13,2,6067,0,2025-02-14 09:31:14
575,764,22,2,721,0,
576,71,8,3,4213,0,
576,409,26,2,2582,0,2025-08-16 07:23:48
578,533,12,2,3402,0,
582,166,18,1,4270,0,2025-04-12 09:58:19
582,170,5,2,3272,0,2025-02-27 01:22:57
582,343,14,1,7611,0,
586,351,6,2,3262,0,
587,459,25,3,5632,0,2025-03-02 00:51:30
588,322,19,1,2378,0,
588,419,6,3,8972,0,
588,433,9,1,6797,0,2025-02-23 05:41:00
589,3,24,2,2763,0,2025-04-29 01:00:17
589,41,30,3,6140,0,2025-02-24 16:11:13
589,276,30,3,5215,0,2025-06-27 01:00:51
590,702,15,2,750,0,
592,406,23,3,1626,0,2025-03-28 19:20:57
593,386,6,3,4659,0,2025-08-29 19:50:36
594,183,11,1,2624,0,
594,341,2,2,7570,0,2025-08-22 04:22:21
594,459,25,1,5632,0,2025-07-06 00:31:56
596,758,6,1,8471,0,
597,599,17,1,7541,0,
597,754,6,2,6177,0,2025-05-15 04:51:54
598,426,12,2,6757,0,2025-03-17 23:06:14
599,201,4,3,3910,0,2025-03-31 11:39:24
599,588,9,1,6384,0,2025-03-19 11:25:29
604,793,27,1,8811,0,2025-02-20 02:19:54
605,473,10,2,1162,0,2025-01-01 07:36:19
605,477,16,1,8803,0,2025-05-18 03:06:56
606,53,27,3,5163,0,2025-05-25 16:44:25
606,116,11,3,3766,0,2025-10-14 09:11:23
606,582,2,1,9775,0,
607,351,6,2,3262,0,2025-11-25 04:14:12
610,11,22,2,7882,0,2025-01-14 10:09:02
610,611,13,3,5998,0,2025-08-11 07:29:01
610,744,22,1,7715,0,
611,236,8,3,9654,0,
611,324,17,2,2822,0,
611,628,5,1,7470,0,2025-04-13 06:33:21
611,681,19,1,1956,0,2025-03-25 03:05:10
612,502,20,3,7569,0,
612,678,22,2,7002,0,
613,46,17,3,7614,0,
614,599,17,2,7541,0,2025-04-23 03:47:17
616,266,20,1,8320,0,2025-11-25 09:25:01
619,624,8,2,9667,0,
621,574,21,3,8782,0,2025-01-06 18:20:23
622,83,29,2,9760,0,2025-03-02 18:29:49
622,393,29,1,5459,0,2025-09-14 16:06:17
622,426,12,2,6757,0,2025-05-07 17:27:37
623,289,1,3,9755,0,
624,130,22,3,4475,0,2025-11-17 03:06:48
624,335,11,1,9258,0,2025-07-01 15:45:26
625,3,24,1,2763,0,2025-07-19 03:41:21
626,283,3,3,8047,0,
626,569,6,1,9701,0,2025-09-21 17:20:08
627,86,19,2,8085,0,
627,158,16,1,6792,0,
628,436,15,3,567,0,2025-03-06 20:14:27
628,623,7,1,3307,0,2025-10-18 22:34:51
628,775,23,2,3917,0,2025-09-04 10:44:33
628,793,27,1,8811,0,2025-02-20 06:37:28
629,76,29,3,8893,0,2025-06-07 17:26:58
630,619,3,2,5148,0,2025-09-18 15:58:48
631,390,23,1,8017,0,2025-06-26 11:08:01
633,316,19,1,7659,0,2025-08-04 04:09:24
633,644,4,2,4721,0,2025-09-21 21:34:02
634,447,2,3,2626,0,2025-12-02 23:00:18
635,485,4,3,1179,0,2025-09-01 17:27:57
636,485,8,2,2042,0,
636,759,28,1,1525,0,2025-09-21 02:20:30
639,654,23,2,9129,0,
640,398,20,1,2112,0,
643,418,24,2,1896,0,2025-03-15 15:13:52
643,681,19,2,1956,0,
643,791,13,1,4239,0,2025-08-11 22:21:26
644,514,23,1,3531,0,2025-07-27 15:21:34
645,79,22,1,8289,0,2025-06-07 20:39:55
645,524,29,2,4495,0,2025-07-30 16:20:51
646,141,18,3,3789,0,2025-07-27 08:30:44
646,795,9,1,2476,0,
647,490,8,2,5603,0,2025-04-29 05:23:40
647,574,26,2,3258,0,2025-04-11 20:11:11
647,761,30,1,6742,0,2025-01-14 11:21:39
649,605,17,1,8355,0,2025-04-17 10:46:02
650,202,15,2,7678,0,
650,244,1,3,6888,0,2025-08-25 08:58:44
651,340,6,3,6433,0,2025-09-04 06:43:10
651,700,15,1,9301,0,
652,480,14,1,4480,0,2025-03-30 01:37:29
653,222,23,3,6451,0,2025-05-21 02:04:29
653,554,8,3,615,0,2025-06-23 05:00:31
653,660,29,2,2317,0,2025-09-07 07:22:45
655,206,11,1,4329,0,
657,69,12,2,506,0,2025-05-17 06:26:04
657,288,20,3,748,0,2025-02-24 19:52:46
657,485,8,3,2042,0,
657,570,8,3,2001,0,2025-02-18 01:26:43
657,588,9,1,6384,0,
659,388,6,3,922,0,2025-03-15 18:41:28
659,468,8,2,584,0,2025-08-09 14:56:31
659,791,13,2,4239,0,2025-06-22 07:44:02
660,158,16,3,6792,0,2025-03-19 21:05:55
660,703,2,2,6244,0,2025-04-12 17:30:57
660,763,18,1,9847,0,2025-06-27 15:54:53
661,454,15,2,3052,0,2025-09-25 20:29:45
664,399,10,2,6959,0,2025-04-23 22:52:25
664,437,29,3,6789,0,
665,233,24,3,1507,0,2025-12-05 10:51:26
665,691,23,1,6404,0,2025-11-04 02:03:32
665,762,6,1,4247,0,
666,566,18,2,2086,0,2025-04-24 10:35:01
667,288,20,3,748,0,2025-07-16 05:55:32
669,165,14,3,9850,0,2025-07-25 00:30:14
669,690,14,1,3244,0,2025-07-23 12:19:44
670,43,13,3,9890,0,2025-04-01 09:21:34
670,390,23,1,8017,0,
670,518,24,1,2720,0,2025-01-15 03:35:11
671,294,15,3,6728,0,2025-01-30 08:12:23
671,413,29,3,5729,0,2025-08-05 13:01:42
671,430,30,2,3341,0,2025-12-01 08:52:33
672,579,1,2,2919,0,
672,606,24,3,1013,0,2025-09-02 17:01:47
673,136,5,3,8094,0,
673,408,5,2,8578,0,2025-03-31 05:16:41
674,232,9,3,2619,0,2025-02-06 22:02:21
674,757,9,2,2457,0,2025-10-16 23:49:00
675,407,3,2,6929,0,
675,614,26,3,2882,0,
678,420,8,3,8839,0,2025-10-20 03:29:26
678,744,22,3,7715,0,2025-05-18 10:06:11
679,15,19,2,5209,0,2025-04-03 16:25:06
679,197,15,2,7370,0,2025-06-10 18:19:36
680,490,8,3,5603,0,
681,205,9,3,5138,0,
681,266,20,1,8320,0,2025-08-15 19:43:38
682,138,15,1,4100,0,2025-05-12 17:24:46
682,653,18,3,9695,0,
683,87,29,3,1064,0,
683,417,26,2,7105,0,
686,575,19,2,6174,0,
687,170,5,3,3272,0,2025-03-09 10:32:45
687,799,3,1,6533,0,2025-02-04 07:01:15
689,141,18,1,3789,0,2025-02-23 02:26:39
689,294,15,2,6728,0,2025-07-17 22:50:05
689,462,22,3,6365,0,2025-09-04 10:33:04
690,566,18,2,2086,0,
691,703,2,2,6244,0,2025-01-21 15:33:24
693,797,27,3,2376,0,
694,772,4,1,7226,0,2025-02-27 08:24:16
695,454,15,1,3052,0,2025-06-14 20:23:27
696,83,29,2,9760,0,
698,289,1,3,9755,0,2025-09-11 13:18:00
698,518,24,1,2720,0,2025-02-04 14:51:09
698,700,15,3,9301,0,
700,460,20,3,1456,0,2025-07-23 14:38:05
700,506,15,1,8573,0,
702,389,2,1,6464,0,2025-10-04 21:35:52
703,528,18,3,4160,0,2025-09-28 06:43:52
703,698,10,3,526,0,2025-08-29 02:18:30
704,596,3,2,7398,0,2025-01-23 20:05:47
705,361,1,1,3317,0,
705,546,6,1,8375,0,2025-08-12 11:50:52
706,30,13,2,8698,0,
708,12,22,2,1598,0,2025-01-09 20:06:29
709,106,13,1,7823,0,2025-07-14 00:27:34
709,447,2,2,2626,0,
710,694,13,1,6067,0,
711,36,19,1,4912,0,2025-01-03 22:05:27
711,61,14,1,6053,0,2025-06-13 19:31:17
711,391,9,2,8216,0,2025-10-29 00:34:08
712,593,28,1,8449,0,2025-03-07 06:10:10
713,650,15,2,8523,0,2025-11-20 15:13:49
714,442,23,3,8688,0,
715,611,13,2,5998,0,2025-08-01 16:30:24
716,356,13,2,8276,0,
717,410,29,1,7630,0,
718,201,4,1,3910,0,
718,565,29,1,8727,0,2025-09-13 21:17:24
719,654,23,3,9129,0,
720,92,17,3,897,0,2025-12-01 12:16:46
721,61,14,2,6053,0,2025-02-15 04:31:05
723,480,14,1,4480,0,2025-05-25 02:40:23
724,597,13,2,9668,0,
725,32,5,1,3899,0,2025-03-19 08:32:08
725,337,1,3,720,0,2025-05-14 20:51:39
726,399,10,2,6959,0,2025-07-09 14:00:02
726,403,8,3,4180,0,2025-07-13 05:37:18
726,578,17,2,1020,0,
727,527,23,3,7576,0,2025-08-22 14:40:31
727,540,17,3,6133,0,2025-11-13 21:50:42
729,300,19,1,4576,0,2025-10-15 12:52:48
730,225,29,3,4592,0,2025-07-26 00:01:28
730,358,23,1,5442,0,2025-02-21 10:19:18
730,545,23,1,3724,0,2025-08-08 19:51:28
730,797,23,3,3522,0,
731,618,23,2,3683,0,
731,662,25,1,8401,0,
732,174,20,2,2880,0,
733,202,15,1,7678,0,
733,493,3,3,1298,0,2025-01-22 17:21:06
734,612,20,3,1001,0,2025-04-29 20:41:44
735,343,14,3,7611,0,2025-04-02 16:31:44
735,351,6,3,3262,0,2025-01-19 07:05:50
735,571,15,3,880,0,2025-04-09 18:20:52
736,657,13,3,6680,0,2025-10-02 22:38:16
737,38,14,3,9006,0,2025-03-13 08:03:05
737,294,15,1,6728,0,2025-01-05 18:11:32
737,791,13,3,4239,0,
738,140,13,3,8465,0,
738,525,16,1,7826,0,
740,335,11,3,9258,0,
741,158,16,1,6792,0,2025-01-02 14:46:20
742,192,10,3,4115,0,2025-08-19 17:48:10
743,335,11,2,9258,0,2025-11-13 08:53:53
743,530,13,1,7935,0,2025-03-27 02:12:12
743,606,24,3,1013,0,2025-01-26 12:05:49
744,265,18,3,3088,0,2025-07-22 16:03:49
744,377,13,2,8197,0,
745,400,14,2,5704,0,
747,270,11,2,6466,0,
747,597,13,1,9668,0,
748,409,26,3,2582,0,2025-05-16 07:17:23
749,631,18,3,6136,0,2025-08-25 13:38:00
750,398,20,2,2112,0,
750,614,26,3,2882,0,2025-07-26 04:05:19
750,758,6,1,8471,0,2025-04-07 19:42:46
753,194,23,3,4368,0,
754,149,28,1,4659,0,2025-07-17 22:28:17
754,206,11,2,4329,0,
756,241,6,2,8822,0,
757,266,25,3,632,0,2025-10-19 09:04:34
757,366,5,1,9575,0,
758,152,29,1,8819,0,
759,660,29,1,2317,0,2025-05-18 10:57:43
760,86,19,1,8085,0,
761,477,16,3,8803,0,
762,366,5,2,9575,0,2025-07-31 13:26:39
763,244,1,2,6888,0,2025-09-04 01:28:12
764,79,22,2,8289,0,2025-09-27 17:24:09
764,651,1,2,2760,0,2025-07-29 20:31:59
765,58,20,3,1828,0,2025-03-17 19:28:59
765,775,23,3,3917,0,
766,126,20,1,3817,0,2025-07-17 10:58:48
766,159,17,1,2688,0,2025-09-10 02:53:04
768,239,21,1,3252,0,2025-10-10 19:45:52
768,764,22,1,721,0,2025-03-27 23:17:17
770,433,9,3,6797,0,
770,540,17,2,6133,0,
771,192,10,3,4115,0,
771,214,7,2,6644,0,2025-04-12 05:04:56
771,647,14,1,8628,0,
772,489,30,3,4386,0,2025-04-24 11:29:03
773,310,8,2,2253,0,
773,419,7,1,2699,0,2025-12-03 15:13:59
774,76,29,3,8893,0,2025-07-30 06:43:04
775,729,2,1,4524,0,2025-10-14 13:57:06
776,503,8,1,2011,0,2025-04-03 11:44:17
778,265,22,3,8258,0,
778,579,23,1,770,0,2025-07-21 21:12:10
778,623,7,1,3307,0,2025-05-13 13:35:17
779,92,17,2,897,0,2025-05-31 11:16:39
779,361,1,3,3317,0,2025-01-24 05:13:29
780,533,12,1,3402,0,
780,627,19,3,9475,0,
780,777,21,3,3249,0,2025-03-16 18:47:40
781,763,18,3,9847,0,2025-10-18 01:29:06
782,45,15,3,5702,0,2025-08-10 21:28:27
782,69,12,3,506,0,2025-09-20 20:11:38
782,434,20,1,2976,0,
783,166,18,1,4270,0,2025-04-05 13:15:27
783,186,8,1,2741,0,2025-03-17 15:41:29
783,202,15,3,7678,0,2025-02-23 19:35:55
783,657,13,3,6680,0,2025-04-04 02:11:01
784,3,24,1,2763,0,2025-01-22 13:23:23
784,65,17,2,6796,0,
784,514,23,3,3531,0,2025-03-27 09:41:47
785,283,3,2,8047,0,2025-03-09 11:38:55
785,336,19,1,4449,0,2025-08-23 19:18:53
786,534,20,1,9538,0,
787,159,17,3,2688,0,2025-03-28 20:38:05
787,413,29,2,5729,0,2025-10-16 14:37:30
788,300,19,1,4576,0,
788,403,8,1,4180,0,
789,375,30,2,3133,0,2025-12-07 02:10:07
789,660,29,2,2317,0,2025-01-23 10:42:56
794,214,7,2,6644,0,2025-06-03 09:29:40
794,391,9,1,8216,0,2025-05-17 12:56:17
794,726,7,2,4319,0,2025-06-19 01:21:51
795,236,8,3,9654,0,2025-07-11 12:01:37
797,38,14,2,9006,0,
797,580,8,2,8620,0,
798,390,23,1,8017,0,2025-06-02 08:24:40
798,393,29,1,5459,0,
800,36,19,1,4912,0,2025-03-07 13:06:44
800,335,11,3,9258,0,2025-10-18 06:30:38
801,294,15,1,6728,0,2025-02-12 13:52:35
801,701,6,2,3023,0,2025-09-01 04:25:36
801,792,6,1,3857,0,
803,508,18,3,3799,0,2025-02-07 23:48:55
804,762,6,1,4247,0,2025-07-20 14:45:15
806,165,14,2,9850,0,2025-07-05 06:15:06
806,636,13,1,8283,0,
807,792,6,2,3857,0,2025-01-09 23:40:00
808,703,2,1,6244,0,2025-03-07 18:01:00
808,796,29,2,8314,0,
809,163,6,3,4869,0,
809,429,2,3,7059,0,
810,407,3,3,6929,0,2025-09-08 07:32:39
811,532,29,1,6496,0,2025-04-13 14:13:01
814,644,6,1,1898,0,2025-09-14 00:53:33
815,599,17,3,7541,0,2025-10-02 09:57:42
816,406,22,2,2920,0,2025-03-23 15:55:41
816,430,25,2,4188,0,
816,565,29,1,8727,0,2025-10-05 07:49:37
817,413,29,1,5729,0,2025-03-11 03:38:27
817,502,20,2,7569,0,2025-07-16 16:24:44
819,168,1,3,5797,0,2025-11-11 21:06:21
820,485,4,1,1179,0,2025-09-01 08:10:40
820,754,6,1,6177,0,
823,354,22,1,3770,0,2025-10-03 01:23:56
823,588,9,2,6384,0,2025-11-24 09:51:00
824,233,24,2,1507,0,2025-03-05 15:18:31
824,530,23,2,6280,0,
825,161,21,3,8051,0,2025-06-09 22:58:00
825,493,3,1,1298,0,2025-09-18 05:55:47
826,449,7,3,7138,0,2025-02-03 22:40:01
827,32,5,3,3899,0,
827,524,29,1,4495,0,
828,606,24,1,1013,0,2025-02-10 20:26:30
829,163,6,1,4869,0,2025-07-18 15:03:52
829,441,5,2,4239,0,
829,628,5,1,7470,0,2025-07-01 20:32:32
830,413,29,1,5729,0,
831,605,17,3,8355,0,2025-02-08 22:57:56
831,763,18,3,9847,0,2025-03-11 12:11:53
832,116,11,1,3766,0,2025-08-24 14:58:15
832,797,27,1,2376,0,
833,757,9,2,2457,0,2025-03-10 00:23:32
834,579,23,1,770,0,2025-01-15 18:59:56
834,644,6,3,1898,0,
835,341,2,2,7570,0,2025-04-10 02:15:53
835,506,15,3,8573,0,
835,596,21,3,9236,0,2025-03-31 19:23:06
835,740,21,1,4562,0,2025-12-05 18:37:55
836,796,29,2,8314,0,
837,106,13,2,7823,0,2025-09-13 01:45:08
837,514,23,3,3531,0,2025-07-29 22:49:28
838,382,15,1,1871,0,2025-02-06 16:05:04
839,361,1,3,3317,0,2025-04-08 14:11:54
839,434,20,2,2976,0,2025-01-28 06:01:37
840,623,25,2,8386,0,
840,744,22,1,7715,0,2025-11-24 23:41:33
841,310,8,3,2253,0,2025-12-06 14:45:02
842,235,10,1,4311,0,
843,236,8,2,9654,0,
843,241,23,2,3243,0,2025-01-13 11:38:45
843,701,6,2,3023,0,2025-09-10 13:18:19
846,498,30,3,8424,0,2025-07-15 16:01:22
847,614,26,3,2882,0,2025-10-16 09:20:20
849,61,14,2,6053,0,2025-09-14 12:37:57
850,647,14,2,8628,0,2025-08-31 20:37:55
850,762,10,2,9771,0,2025-01-06 21:35:28
851,681,19,3,1956,0,2025-10-22 07:27:08
852,236,8,3,9654,0,2025-10-16 11:54:11
852,430,25,3,4188,0,2025-02-27 16:06:26
852,721,13,1,8839,0,2025-10-15 03:29:04
853,498,30,2,8424,0,2025-07-15 14:14:36
854,41,30,1,6140,0,2025-11-26 11:05:32
854,382,15,2,1871,0,2025-02-17 19:18:31
854,743,11,1,632,0,2025-05-11 14:48:41
855,423,26,1,7130,0,2025-04-29 10:45:13
856,141,18,1,3789,0,2025-03-09 11:11:35
860,419,7,1,2699,0,
864,36,19,1,4912,0,2025-09-02 03:33:09
865,86,19,3,8085,0,2025-10-22 00:25:50
865,418,24,3,1896,0,
865,489,30,1,4386,0,2025-02-04 14:26:24
866,339,28,3,5936,0,2025-11-09 09:30:55
866,734,6,3,5516,0,2025-01-04 11:47:54
867,195,18,2,1608,0,
867,259,3,1,2217,0,2025-06-24 23:25:31
867,406,22,1,2920,0,2025-11-10 21:28:17
869,417,26,3,7105,0,2025-11-24 07:27:56
869,503,8,1,2011,0,2025-08-27 23:26:13
870,799,3,3,6533,0,
873,148,29,1,1760,0,
873,233,24,3,1507,0,2025-12-09 04:41:42
873,729,2,2,4524,0,2025-03-22 22:55:06
875,530,7,2,846,0,2025-06-10 17:41:20
876,391,9,1,8216,0,2025-08-13 23:02:22
877,288,20,1,748,0,
877,313,6,1,1776,0,2025-03-12 12:08:35
879,15,18,3,4054,0,
881,382,15,3,1871,0,2025-07-09 02:49:11
881,675,13,1,5145,0,
882,41,30,3,6140,0,2025-09-19 23:36:06
882,43,13,2,9890,0,2025-07-31 17:24:10
882,566,18,3,2086,0,
883,777,9,1,6626,0,
884,116,11,2,3766,0,2025-05-19 10:58:30
884,597,13,1,9668,0,2025-08-24 03:23:50
884,724,19,1,5197,0,2025-03-09 19:25:31
885,159,14,2,9034,0,2025-11-18 22:14:30
886,239,21,1,3252,0,2025-03-01 09:13:17
886,591,5,3,9106,0,2025-08-27 03:33:05
886,691,23,2,6404,0,2025-11-19 05:49:04
887,340,18,3,6210,0,
887,773,25,3,5024,0,
888,347,15,1,1782,0,
888,605,17,3,8355,0,2025-04-12 08:18:17
888,796,29,2,8314,0,2025-09-25 19:57:21
889,792,6,1,3857,0,
890,393,29,1,5459,0,
890,485,8,2,2042,0,2025-09-18 20:08:37
890,726,7,3,4319,0,2025-10-08 10:48:10
891,420,8,2,8839,0,2025-07-13 07:33:14
892,271,7,3,2167,0,2025-08-13 18:58:40
892,468,8,3,584,0,2025-01-02 05:52:13
893,86,19,2,8085,0,
893,574,26,3,3258,0,
894,691,22,3,5371,0,2025-10-23 05:12:09
895,113,5,1,1775,0,2025-10-14 18:32:01
895,233,24,1,1507,0,
901,265,22,3,8258,0,2025-10-15 13:35:20
905,420,8,1,8839,0,2025-03-28 06:29:32
906,73,29,3,1159,0,2025-07-02 04:44:09
906,625,15,3,9357,0,2025-11-02 02:15:25
907,375,30,2,3133,0,
908,132,19,3,5010,0,2025-07-07 21:03:37
908,388,6,3,922,0,2025-07-03 19:30:25
909,206,11,3,4329,0,2025-09-27 23:37:03
912,161,21,1,8051,0,2025-09-21 00:06:57
913,579,1,1,2919,0,2025-01-24 14:08:35
915,351,6,2,3262,0,2025-10-16 19:13:54
916,206,11,3,4329,0,2025-02-23 12:12:07
917,144,20,1,4284,0,2025-01-25 21:16:43
917,418,24,2,1896,0,2025-06-11 19:11:24
917,671,30,3,7537,0,2025-10-07 05:29:46
918,772,4,2,7226,0,2025-02-15 15:43:41
918,797,23,1,3522,0,2025-09-19 03:25:41
919,270,11,3,6466,0,2025-04-28 15:45:41
919,340,6,3,6433,0,
919,532,4,2,1071,0,2025-10-28 00:41:41
922,789,30,3,7544,0,
923,12,22,2,1598,0,2025-10-04 17:33:51
924,111,25,3,6327,0,
924,441,5,3,4239,0,
925,300,19,3,4576,0,2025-08-25 12:29:53
926,763,18,2,9847,0,2025-05-28 10:31:51
927,642,17,3,2448,0,2025-01-23 19:35:11
928,473,10,3,1162,0,2025-09-08 07:35:56
930,340,6,2,6433,0,2025-08-05 21:42:46
930,619,3,1,5148,0,
931,197,15,2,7370,0,2025-03-29 15:15:13
931,508,18,2,3799,0,2025-01-22 11:07:47
931,625,15,1,9357,0,
932,28,2,1,4049,0,2025-03-07 16:17:07
932,593,23,3,3797,0,2025-04-29 09:08:15
933,350,30,3,3201,0,2025-04-01 03:29:55
934,597,20,3,6433,0,2025-12-08 21:43:03
935,25,13,3,7808,0,
935,65,17,3,6796,0,2025-04-17 09:11:29
935,249,22,3,8850,0,2025-01-15 03:42:00
935,514,23,2,3531,0,
937,404,8,3,2811,0,
937,410,29,3,7630,0,2025-04-24 04:33:56
938,28,2,1,4049,0,2025-08-31 03:47:18
938,277,25,3,2325,0,2025-06-10 21:22:15
938,454,15,1,3052,0,2025-03-03 10:53:16
940,269,6,2,8912,0,2025-11-26 21:19:40
942,161,21,2,8051,0,2025-03-26 21:47:04
943,410,29,1,7630,0,
943,726,7,3,4319,0,2025-03-11 16:31:53
944,235,10,2,4311,0,2025-11-30 09:04:07
944,259,3,1,2217,0,
945,454,15,2,3052,0,2025-02-14 01:43:29
945,459,25,2,5632,0,2025-05-08 03:03:40
945,758,6,3,8471,0,2025-10-29 22:50:13
947,354,22,3,3770,0,2025-09-14 17:24:55
948,419,7,3,2699,0,2025-03-14 01:55:33
949,650,15,1,8523,0,2025-05-08 03:45:13
950,28,2,2,4049,0,2025-06-22 23:17:26
951,336,19,2,4449,0,
952,266,20,3,8320,0,2025-07-09 18:05:23
952,700,15,1,9301,0,
953,512,10,3,5598,0,2025-05-20 05:38:08
954,603,16,3,4733,0,2025-12-05 23:42:06
955,650,15,1,8523,0,2025-01-21 02:44:53
955,681,19,2,1956,0,
957,64,15,2,1603,0,2025-09-05 07:19:31
957,361,1,1,3317,0,2025-12-05 04:11:47
958,691,23,2,6404,0,2025-09-30 04:25:20
959,351,6,1,3262,0,
959,691,23,2,6404,0,2025-09-26 13:58:51
959,772,4,3,7226,0,2025-09-02 10:53:11
960,354,22,3,3770,0,2025-08-16 04:44:47
960,497,17,2,4956,0,2025-05-19 18:48:09
960,545,23,1,3724,0,2025-06-18 04:22:17
961,283,3,3,8047,0,2025-02-27 23:15:53
963,405,3,2,5026,0,2025-10-28 17:24:40
964,30,13,2,8698,0,2025-07-28 13:58:07
966,441,5,3,4239,0,2025-11-11 11:49:34
967,777,21,1,3249,0,2025-08-18 05:34:06
968,95,13,3,6251,0,2025-01-02 11:28:59
968,537,27,3,2807,0,2025-10-16 16:02:04
969,519,23,3,8631,0,2025-01-02 15:01:25
970,241,6,2,8822,0,
970,389,13,2,2938,0,2025-05-13 17:24:06
970,537,27,1,2807,0,
972,580,8,2,8620,0,2025-10-09 16:20:01
974,321,29,2,897,0,2025-04-29 23:19:06
976,11,22,3,7882,0,2025-12-03 19:26:28
978,250,21,1,1521,0,2025-01-03 01:37:19
978,744,22,3,7715,0,2025-01-11 02:39:11
979,130,22,2,4475,0,2025-07-14 11:05:50
979,269,6,2,8912,0,
979,554,8,2,615,0,2025-03-19 23:53:33
980,45,15,3,5702,0,2025-10-02 14:33:36
980,411,23,1,2191,0,2025-02-18 22:40:54
980,527,23,3,7576,0,2025-02-06 08:37:17
980,618,23,2,3683,0,2025-09-15 12:45:04
981,71,3,2,6940,0,
981,356,13,2,8276,0,
981,393,29,2,5459,0,2025-10-17 16:19:23
982,611,13,2,5998,0,2025-04-13 20:01:08
983,529,15,2,9361,0,2025-05-03 06:18:52
984,344,6,2,7156,0,2025-05-24 02:38:28
985,591,5,1,9106,0,2025-10-26 18:12:27
985,721,26,2,5215,0,2025-07-16 22:28:52
987,36,19,2,4912,0,2025-07-04 18:06:14
990,276,13,3,7400,0,2025-08-03 03:49:15
992,702,15,2,750,0,2025-06-18 16:41:39
993,493,9,2,3027,0,2025-07-05 05:04:45
995,258,13,3,7222,0,2025-06-16 07:53:40
997,352,14,2,5874,0,2025-08-31 00:25:55
997,759,28,2,1525,0,2025-08-04 17:49:53
998,428,21,1,5405,0,2025-03-18 15:30:46
999,195,18,2,1608,0,2025-10-17 12:04:32
999,597,13,2,9668,0,2025-11-28 13:17:54
1000,701,15,3,7154,0,2025-07-01 04:53:09
1000,775,30,2,7942,0,
1002,618,23,1,3683,0,
1003,232,9,3,2619,0,2025-06-05 02:38:20
1005,418,24,2,1896,0,2025-07-29 12:47:35
1006,410,29,3,7630,0,2025-07-26 20:46:46
1007,367,4,1,5819,0,2025-11-23 11:50:42
1009,84,22,3,7811,0,2025-06-03 18:20:34
1009,280,13,2,7133,0,2025-08-04 17:33:04
1009,450,29,1,4884,0,2025-12-02 00:39:55
1011,526,10,3,9927,0,2025-08-03 11:47:52
1012,468,8,1,584,0,2025-06-21 05:14:19
1013,599,17,2,7541,0,
1013,761,30,1,6742,0,2025-11-02 04:42:37
1015,259,3,2,2217,0,
1015,545,23,1,3724,0,2025-09-27 06:27:05
1016,664,30,1,9976,0,
1018,332,19,1,875,0,2025-04-04 06:38:31
1018,740,21,3,4562,0,2025-08-07 07:45:55
1019,23,3,1,3105,0,2025-05-03 22:18:37
1019,258,13,1,7222,0,2025-07-05 02:00:09
1019,652,27,1,1649,0,2025-07-23 02:03:44
1021,192,10,1,4115,0,
1022,514,23,2,3531,0,
1022,526,10,3,9927,0,2025-07-07 14:20:27
1022,601,24,1,5584,0,2025-11-27 08:55:38
1023,65,17,2,6796,0,
1024,434,20,1,2976,0,
1026,398,20,2,2112,0,2025-07-27 08:58:55
1027,614,26,2,2882,0,2025-07-06 01:12:59
1027,651,1,1,2760,0,
1030,522,23,2,905,0,2025-04-05 07:59:57
1031,313,6,1,1776,0,2025-02-01 21:24:57
1031,527,23,2,7576,0,2025-02-18 00:14:16
1032,76,29,3,8893,0,2025-12-06 16:14:33
1032,468,8,1,584,0,
1033,384,20,3,5428,0,2025-05-05 20:34:18
1033,652,27,3,1649,0,2025-07-23 11:23:33
1033,688,25,3,6923,0,2025-03-20 05:25:37
1035,430,25,1,4188,0,2025-08-24 02:56:20
1036,367,4,2,5819,0,
1037,654,23,2,9129,0,2025-10-02 05:49:46
1039,762,10,1,9771,0,2025-05-22 21:32:01
1040,36,19,2,4912,0,2025-10-30 03:22:45
1040,170,5,3,3272,0,
1040,335,11,3,9258,0,2025-01-07 01:04:39
1040,344,6,2,7156,0,2025-03-03 05:25:03
1041,432,25,3,2800,0,2025-04-03 18:13:41
1042,86,19,2,8085,0,
1042,141,18,3,3789,0,
1042,508,18,3,3799,0,2025-02-01 15:43:55
1043,38,14,3,9006,0,2025-09-02 20:12:02
1043,476,10,1,7567,0,2025-07-28 05:46:57
1044,32,5,1,3899,0,2025-04-16 08:02:52
1044,646,4,1,9534,0,2025-06-07 07:00:48
1046,764,22,1,721,0,2025-02-03 16:42:54
1047,62,18,3,2601,0,
1047,537,27,1,2807,0,2025-04-03 20:18:23
1048,352,14,1,5874,0,
1051,480,14,1,4480,0,2025-08-21 15:23:26
1054,423,22,3,868,0,2025-09-20 01:05:23
1055,111,25,1,6327,0,2025-07-19 23:06:23
1055,468,8,1,584,0,
1055,606,24,2,1013,0,2025-01-11 17:29:06
1055,740,21,2,4562,0,
1056,426,12,1,6757,0,2025-09-05 19:16:45
1057,159,17,1,2688,0,2025-01-11 11:56:49
1058,764,22,1,721,0,2025-06-01 14:40:52
1060,259,3,1,2217,0,2025-07-15 03:22:54
1061,76,29,3,8893,0,2025-04-24 12:01:54
1062,269,6,3,8912,0,
1062,765,22,3,2703,0,2025-11-27 15:07:44
1063,409,26,1,2582,0,2025-04-16 19:08:07
1063,477,16,1,8803,0,2025-07-05 02:58:06
1064,95,13,3,6251,0,
1065,382,15,1,1871,0,2025-09-06 21:08:28
1067,450,29,3,4884,0,2025-06-21 21:18:49
1067,528,18,3,4160,0,2025-03-02 20:10:35
1068,236,8,3,9654,0,2025-12-07 21:27:47
1068,628,5,2,7470,0,2025-06-21 09:38:55
1071,431,1,3,560,0,2025-05-27 14:51:10
1072,249,22,1,8850,0,2025-12-01 03:34:22
1072,532,4,2,1071,0,2025-08-04 08:11:22
1073,242,30,3,2860,0,2025-07-21 04:41:05
1073,366,5,1,9575,0,2025-02-18 15:37:46
1073,394,10,2,8229,0,2025-09-02 03:04:24
1073,406,22,2,2920,0,2025-01-17 20:41:43
1073,757,9,1,2457,0,
1075,792,6,2,3857,0,
1076,11,22,2,7882,0,
1078,726,7,2,4319,0,2025-09-30 21:02:19
1079,242,30,3,2860,0,2025-11-11 07:44:19
1079,657,13,3,6680,0,2025-04-27 02:30:19
1080,86,19,1,8085,0,
1080,618,23,3,3683,0,2025-03-12 03:10:07
1081,146,13,2,4648,0,2025-08-17 15:13:56
1081,495,30,2,947,0,2025-03-29 05:26:29
1083,111,25,3,6327,0,
1083,140,13,3,8465,0,
1083,398,20,2,2112,0,2025-11-01 02:18:23
1083,459,25,1,5632,0,2025-06-25 19:03:08
1084,146,13,3,4648,0,2025-06-23 12:04:43
1084,570,8,3,2001,0,2025-08-01 01:12:31
1084,650,15,1,8523,0,2025-07-19 18:17:58
1086,377,13,3,8197,0,2025-10-08 02:56:56
1086,522,23,3,905,0,
1086,694,13,2,6067,0,
1088,346,13,2,7953,0,2025-11-13 00:06:43
1089,419,6,2,8972,0,2025-11-04 09:38:35
1091,113,10,1,8985,0,
1092,306,23,1,3344,0,
1092,514,23,1,3531,0,2025-06-28 10:11:25
1092,650,15,3,8523,0,2025-01-02 00:10:20
1093,527,23,2,7576,0,2025-02-01 16:52:47
1094,294,15,2,6728,0,2025-03-22 22:02:57
1095,358,23,1,5442,0,
1095,775,23,1,3917,0,
1096,149,9,3,6377,0,2025-09-22 02:58:21
1096,512,10,2,5598,0,
1096,724,19,1,5197,0,2025-07-24 09:52:42
1099,713,23,1,517,0,2025-11-16 12:23:31
1102,498,30,1,8424,0,
1103,356,13,3,8276,0,2025-04-27 08:27:12
1104,618,23,1,3683,0,2025-07-03 16:11:23
1105,186,11,2,8136,0,2025-03-20 05:45:53
1106,361,1,1,3317,0,2025-01-27 15:07:57
1107,46,17,1,7614,0,2025-02-23 08:16:26
1107,394,10,1,8229,0,
1109,473,10,2,1162,0,2025-01-25 06:11:23
1110,2,30,2,7736,0,2025-07-20 17:11:12
1111,347,18,1,1067,0,2025-10-15 02:23:44
1112,582,2,2,9775,0,2025-05-10 03:41:56
1113,436,15,2,567,0,2025-06-27 12:52:11
1114,677,7,3,9756,0,2025-05-27 11:07:35
1116,116,11,2,3766,0,
1116,233,24,3,1507,0,2025-08-12 16:30:01
1116,593,23,2,3797,0,2025-08-31 13:16:16
1117,83,29,3,9760,0,2025-03-03 17:03:02
1119,554,8,3,615,0,2025-09-19 02:46:54
1120,519,23,3,8631,0,2025-02-06 17:03:53
1121,361,1,1,3317,0,2025-11-16 20:24:46
1121,703,2,3,6244,0,2025-06-28 20:03:07
1122,183,11,1,2624,0,2025-08-15 08:32:28
1123,415,7,2,8363,0,
1125,694,13,1,6067,0,2025-04-06 09:10:08
1127,41,30,2,6140,0,2025-02-10 03:22:24
1127,116,11,2,3766,0,
1127,700,15,3,9301,0,
1130,61,14,3,6053,0,2025-03-04 10:19:28
1130,433,9,2,6797,0,2025-11-01 18:29:38
1131,300,19,1,4576,0,
1131,709,13,3,7536,0,2025-11-09 21:20:32
1132,73,29,3,1159,0,2025-04-21 00:13:38
1132,582,2,2,9775,0,2025-10-14 19:54:03
1132,599,17,2,7541,0,2025-08-15 06:49:57
1133,141,18,2,3789,0,2025-07-31 20:27:05
1133,202,15,1,7678,0,2025-02-04 13:14:22
1133,295,6,3,8221,0,2025-02-12 05:13:15
1134,565,8,3,8401,0,
1134,654,23,1,9129,0,
1135,62,18,2,2601,0,2025-05-31 15:39:22
1136,144,20,1,4284,0,2025-03-12 08:58:42
1136,238,9,2,5045,0,2025-02-14 17:31:15
1136,459,25,2,5632,0,2025-09-22 22:01:26
1136,675,13,1,5145,0,2025-09-07 13:41:54
1136,793,27,3,8811,0,2025-08-05 00:03:23
1138,556,3,3,8271,0,2025-04-05 10:49:33
1140,569,6,3,9701,0,
1141,508,18,1,3799,0,2025-03-06 11:10:04
1142,126,20,1,3817,0,2025-05-27 03:20:26
1142,718,23,3,8296,0,2025-09-17 12:47:40
1143,431,1,2,560,0,2025-08-20 13:44:53
1144,341,2,2,7570,0,2025-08-09 13:57:17
1145,460,20,2,1456,0,
1145,732,25,2,2769,0,
1146,493,3,2,1298,0,2025-10-17 11:48:37
1146,578,17,2,1020,0,
1146,654,23,1,9129,0,2025-04-03 03:26:55
1148,30,13,1,8698,0,
1149,238,9,3,5045,0,2025-06-16 21:04:51
1150,313,6,2,1776,0,
1150,795,9,2,2476,0,2025-07-09 02:11:24
1151,144,23,2,3321,0,2025-05-25 22:25:36
1152,525,25,1,9282,0,
1152,657,13,1,6680,0,2025-09-16 00:47:18
1153,400,14,2,5704,0,2025-10-08 18:22:38
1153,428,21,1,5405,0,2025-08-12 22:09:13
1153,643,24,2,3597,0,
1154,174,20,1,2880,0,2025-01-07 06:38:14
1155,773,25,2,5024,0,2025-02-02 07:27:46
1156,796,29,3,8314,0,2025-09-28 15:16:31
1157,300,19,2,4576,0,
1158,49,26,3,7802,0,2025-11-23 14:30:33
1158,159,14,1,9034,0,2025-09-18 10:00:20
1158,175,1,1,592,0,2025-06-20 16:22:23
1158,596,3,2,7398,0,2025-07-07 00:43:13
1159,373,1,1,2333,0,2025-01-23 23:00:50
1159,420,8,1,8839,0,2025-11-09 06:24:43
1160,614,26,3,2882,0,
1161,789,30,1,7544,0,
1163,62,18,2,2601,0,2025-06-30 16:29:17
1164,588,9,1,6384,0,2025-08-03 13:32:22
1164,591,5,2,9106,0,
1165,477,16,3,8803,0,2025-09-23 10:25:33
1166,575,19,1,6174,0,2025-10-29 13:47:01
1167,637,14,3,8584,0,
1168,49,26,1,7802,0,2025-05-31 06:59:04
1168,556,3,1,8271,0,
1169,386,6,2,4659,0,2025-06-09 17:35:57
1169,574,21,1,8782,0,2025-06-27 09:39:59
1170,698,10,1,526,0,
1170,759,28,2,1525,0,
1171,721,26,2,5215,0,2025-02-06 13:57:06
1172,454,15,1,3052,0,
1172,653,18,2,9695,0,2025-07-14 17:54:23
1172,690,2,1,4562,0,2025-01-30 18:37:24
1174,726,7,2,4319,0,2025-12-04 23:55:22
1175,495,30,2,947,0,2025-09-03 09:41:35
1176,132,19,3,5010,0,2025-01-10 11:33:58
1176,148,8,1,6120,0,2025-03-15 00:29:30
1176,244,1,2,6888,0,
1176,337,1,3,720,0,
1177,580,8,3,8620,0,
1178,354,22,2,3770,0,2025-05-04 03:40:31
1179,757,9,2,2457,0,2025-03-17 03:06:48
1180,554,8,2,615,0,2025-01-18 00:02:04
1181,618,23,1,3683,0,2025-01-06 07:11:03
1182,698,10,3,526,0,
1183,447,2,1,2626,0,2025-09-14 17:15:54
1183,588,9,3,6384,0,2025-09-17 01:29:35
1183,643,24,1,3597,0,
1185,138,15,2,4100,0,
1185,574,21,2,8782,0,2025-02-16 20:42:35
1186,582,2,2,9775,0,2025-06-21 22:33:14
1187,336,19,1,4449,0,
1188,65,17,2,6796,0,2025-08-26 21:46:26
1188,495,30,1,947,0,2025-08-18 01:12:36
1189,116,11,2,3766,0,2025-07-06 01:40:17
1190,671,30,1,7537,0,2025-03-26 11:47:29
1190,773,25,3,5024,0,2025-11-14 09:54:52
1191,713,23,1,517,0,
1193,138,13,3,9756,0,2025-06-23 13:34:35
1193,495,30,3,947,0,2025-02-28 10:27:35
1193,533,12,2,3402,0,2025-06-28 01:58:37
1194,148,29,1,1760,0,
1194,241,6,3,8822,0,2025-05-01 22:12:02
1196,140,13,1,8465,0,
1196,339,25,2,2341,0,
1197,111,25,1,6327,0,2025-08-10 15:21:38
1197,271,7,1,2167,0,2025-02-04 04:14:46
1197,532,29,3,6496,0,2025-10-29 08:28:06
1198,336,19,2,4449,0,
1199,361,1,3,3317,0,2025-02-11 13:28:16
1200,324,17,2,2822,0,2025-11-14 10:27:23
1201,406,22,3,2920,0,2025-03-16 23:43:18
1201,773,25,1,5024,0,2025-04-24 17:42:52
1203,388,6,1,922,0,2025-09-10 04:13:46
1204,799,3,2,6533,0,2025-08-29 05:24:36
1205,465,13,1,7319,0,2025-10-04 00:54:40
1206,575,19,2,6174,0,2025-10-24 16:29:17
1207,489,30,1,4386,0,2025-02-24 02:54:47
1208,122,6,1,580,0,2025-08-18 06:36:10
1208,740,21,2,4562,0,
1210,339,28,1,5936,0,
1210,675,13,1,5145,0,2025-11-16 20:36:16
1211,775,30,3,7942,0,2025-03-12 20:03:32
1212,344,6,3,7156,0,2025-01-01 17:18:55
1212,493,3,3,1298,0,2025-09-19 12:05:35
1213,759,28,3,1525,0,2025-11-21 05:53:29
1214,87,29,1,1064,0,2025-09-26 13:19:23
1214,530,13,3,7935,0,
1215,15,18,1,4054,0,2025-01-27 04:22:59
1216,625,15,2,9357,0,2025-05-02 03:47:05
1216,799,3,3,6533,0,
1217,508,18,2,3799,0,2025-01-10 17:18:20
1218,366,15,3,4417,0,
1219,358,23,1,5442,0,
1220,459,25,1,5632,0,2025-10-16 17:18:08
1220,565,29,2,8727,0,2025-05-22 22:35:46
1220,724,19,3,5197,0,2025-03-28 03:17:18
1221,58,20,3,1828,0,2025-07-18 19:32:56
1221,546,20,2,4899,0,2025-08-25 18:59:43
1222,233,24,1,1507,0,2025-05-12 14:37:02
1223,556,3,3,8271,0,2025-10-02 20:45:03
1224,569,6,1,9701,0,2025-06-27 21:53:04
1225,430,25,3,4188,0,2025-08-12 01:40:54
1226,340,23,2,4743,0,
1227,528,18,3,4160,0,
1228,442,23,1,8688,0,2025-06-25 16:30:29
1229,130,22,2,4475,0,2025-10-11 21:22:00
1229,336,19,1,4449,0,2025-08-26 18:04:16
1230,205,9,2,5138,0,2025-03-16 14:51:39
1231,627,3,1,8750,0,2025-03-09 19:15:35
1232,718,23,2,8296,0,2025-08-15 18:06:53
1235,431,1,2,560,0,2025-11-29 18:14:00
1236,92,17,2,897,0,
1236,434,20,3,2976,0,2025-11-03 05:14:03
1236,518,24,2,2720,0,2025-01-26 18:50:42
1237,126,14,1,1272,0,
1238,116,11,1,3766,0,2025-09-15 23:37:03
1241,579,23,3,770,0,
1241,601,24,1,5584,0,
1242,578,17,2,1020,0,2025-06-09 06:41:55
1243,373,1,3,2333,0,
1243,757,9,3,2457,0,2025-05-13 18:58:39
1244,95,13,1,6251,0,
1244,522,23,3,905,0,2025-01-04 10:17:38
1246,235,10,2,4311,0,2025-03-10 22:20:23
1248,122,6,2,580,0,2025-10-24 19:18:11
1248,614,26,2,2882,0,2025-07-11 11:44:23
1249,15,18,3,4054,0,2025-08-17 08:38:18
1249,238,9,3,5045,0,2025-01-24 23:57:07
1249,346,13,3,7953,0,2025-10-03 22:28:46
1251,367,4,3,5819,0,2025-01-31 12:59:09
1251,661,3,2,2247,0,2025-03-23 06:09:51
1252,724,19,3,5197,0,2025-10-20 21:03:18
1254,246,3,1,5768,0,
1255,122,6,1,580,0,2025-08-10 12:06:32
1255,579,23,1,770,0,2025-03-26 14:46:58
1256,700,15,3,9301,0,
1257,300,19,3,4576,0,2025-06-29 09:59:43
1257,347,10,2,7041,0,2025-06-10 19:50:10
1257,677,7,3,9756,0,2025-03-28 06:35:34
1257,709,13,2,7536,0,2025-09-10 14:41:56
1258,38,14,3,9006,0,2025-05-24 18:22:51
1259,489,30,3,4386,0,
1260,625,15,3,9357,0,2025-08-12 23:16:45
1261,241,6,3,8822,0,2025-04-29 19:04:50
1261,529,15,1,9361,0,
1261,675,13,1,5145,0,
1261,763,18,2,9847,0,2025-07-29 23:34:15
1262,340,6,2,6433,0,
1265,522,23,3,905,0,2025-11-24 08:30:54
1266,195,18,1,1608,0,2025-04-14 13:26:19
1266,493,3,2,1298,0,2025-07-10 11:28:13
1267,374,8,1,7124,0,2025-02-18 10:10:03
1267,528,18,1,4160,0,2025-01-04 08:50:49
1268,152,29,2,8819,0,2025-10-13 05:33:44
1268,654,23,2,9129,0,
1269,377,16,3,4096,0,2025-07-17 04:20:55
1269,431,1,1,560,0,2025-06-27 16:19:42
1270,192,10,2,4115,0,2025-09-23 23:49:05
1273,614,26,3,2882,0,2025-06-12 08:52:29
1274,718,23,1,8296,0,
1275,92,17,3,897,0,2025-07-30 13:14:25
1275,195,18,1,1608,0,
1275,241,6,1,8822,0,2025-10-15 07:08:27
1275,366,15,2,4417,0,
1276,391,9,1,8216,0,2025-05-16 17:37:46
1278,420,8,2,8839,0,2025-08-28 16:13:23
1279,436,15,2,567,0,2025-01-28 22:41:13
1279,712,6,1,2271,0,2025-06-24 09:33:41
1280,79,22,2,8289,0,
1280,431,1,1,560,0,
1280,573,25,3,742,0,2025-01-31 12:25:43
1280,593,23,2,3797,0,2025-07-12 20:04:08
1281,95,13,2,6251,0,
1281,313,6,1,1776,0,2025-05-30 14:57:06
1281,332,28,3,6611,0,2025-11-18 04:05:49
1282,106,22,2,3084,0,2025-02-17 15:39:28
1282,112,15,2,1934,0,2025-01-17 04:52:44
1283,449,7,3,7138,0,
1283,757,9,1,2457,0,
1284,337,1,3,720,0,
1284,480,14,3,4480,0,
1285,272,8,3,1429,0,2025-10-30 09:49:51
1285,283,3,1,8047,0,2025-01-01 08:07:49
1285,565,8,1,8401,0,2025-04-17 07:27:19
1285,664,30,2,9976,0,2025-05-04 09:39:19
1286,165,14,1,9850,0,2025-06-19 09:20:11
1288,411,23,1,2191,0,
1288,480,14,1,4480,0,2025-01-19 15:20:00
1289,660,29,1,2317,0,2025-11-05 20:29:07
1290,29,26,3,1397,0,2025-02-16 08:25:04
1290,744,22,3,7715,0,2025-07-23 19:32:40
1292,637,14,1,8584,0,
1295,651,1,3,2760,0,
1296,579,1,3,2919,0,2025-07-31 05:01:08
1297,394,10,3,8229,0,2025-08-01 17:10:47
1298,524,29,1,4495,0,
1300,1,15,2,7690,0,
1300,136,26,3,3896,0,2025-01-13 13:23:12
1301,352,14,3,5874,0,
1301,366,15,3,4417,0,2025-04-28 12:33:12
1302,163,25,2,9989,0,2025-05-15 23:38:47
1302,420,8,3,8839,0,
1302,527,23,1,7576,0,2025-06-06 04:34:23
1303,332,28,1,6611,0,2025-08-25 13:35:25
1304,534,20,2,9538,0,2025-08-19 10:57:44
1305,321,20,2,8689,0,
1305,344,6,1,7156,0,2025-03-18 03:50:09
1306,32,5,3,3899,0,2025-06-15 21:56:55
1306,288,20,2,748,0,2025-04-13 21:28:09
1307,106,13,3,7823,0,2025-08-10 09:57:11
1307,276,13,3,7400,0,2025-02-19 14:03:53
1308,734,6,2,5516,0,2025-06-01 19:30:29
1309,232,9,1,2619,0,2025-10-03 13:51:48
1309,618,23,1,3683,0,
1310,235,10,3,4311,0,2025-10-29 01:06:38
1310,575,19,3,6174,0,2025-05-03 15:46:53
1312,773,25,3,5024,0,
1314,71,8,2,4213,0,
1314,87,29,2,1064,0,
1314,276,30,1,5215,0,2025-01-22 08:27:33
1315,185,30,3,8368,0,2025-04-26 03:33:16
1316,777,21,1,3249,0,
1317,213,13,3,1934,0,2025-12-01 04:46:39
1319,485,8,3,2042,0,2025-07-14 13:06:39
1322,703,2,1,6244,0,2025-06-11 19:57:53
1323,777,21,1,3249,0,
1324,197,15,1,7370,0,2025-09-14 18:38:07
1324,310,8,3,2253,0,2025-10-06 08:51:03
1325,432,25,1,2800,0,2025-08-22 02:14:52
1325,726,20,2,9089,0,2025-02-22 01:09:11
1326,12,22,1,1598,0,2025-06-15 03:42:03
1326,356,13,1,8276,0,
1326,773,25,1,5024,0,
1327,390,23,1,8017,0,2025-03-03 11:17:57
1328,605,17,3,8355,0,2025-09-21 17:12:39
1329,277,25,2,2325,0,2025-11-02 08:36:50
1330,230,15,1,6527,0,2025-06-09 15:44:30
1331,149,6,2,7915,0,2025-04-25 00:38:55
1332,130,22,3,4475,0,
1332,601,24,3,5584,0,
1332,646,4,1,9534,0,2025-06-30 11:43:02
1333,454,15,3,3052,0,2025-05-12 05:56:16
1333,475,1,1,1273,0,2025-07-30 14:52:37
1333,485,4,3,1179,0,
1336,637,14,2,8584,0,
1336,642,17,3,2448,0,2025-07-30 14:12:45
1337,277,25,2,2325,0,2025-10-19 00:55:39
1337,343,14,3,7611,0,
1337,652,27,3,1649,0,
1338,269,6,3,8912,0,
1339,400,14,3,5704,0,2025-01-31 20:27:21
1339,546,6,1,8375,0,2025-09-07 02:55:03
1339,765,22,1,2703,0,
1340,62,18,1,2601,0,2025-07-25 17:50:02
1341,556,3,3,8271,0,2025-01-25 05:42:34
1341,623,25,3,8386,0,
1346,53,27,2,5163,0,2025-01-04 00:22:28
1347,259,3,1,2217,0,2025-04-15 03:00:02
1348,582,2,2,9775,0,2025-11-18 13:22:52
1349,238,9,1,5045,0,2025-01-26 01:02:33
1349,732,13,3,598,0,
1351,358,23,1,5442,0,2025-05-24 11:38:10
1353,382,15,2,1871,0,2025-11-13 19:31:53
1353,398,20,2,2112,0,
1355,498,30,2,8424,0,2025-04-02 21:39:36
1356,530,7,3,846,0,2025-10-22 11:26:19
1356,623,7,1,3307,0,
1357,305,26,2,4640,0,2025-07-23 23:37:14
1357,430,25,3,4188,0,
1361,36,19,1,4912,0,2025-12-01 06:18:42
1361,152,29,1,8819,0,2025-04-21 13:05:27
1364,172,23,2,2389,0,
1364,270,11,2,6466,0,2025-02-24 21:39:25
1364,497,17,1,4956,0,2025-10-13 11:20:17
1364,761,30,2,6742,0,
1365,729,2,1,4524,0,2025-04-29 14:35:32
1366,197,15,1,7370,0,
1367,86,19,3,8085,0,2025-04-18 18:16:26
1367,405,3,3,5026,0,2025-10-01 17:23:41
1368,23,18,1,7692,0,2025-08-17 22:40:08
1369,45,15,3,5702,0,2025-01-18 18:09:53
1370,406,23,2,1626,0,
1372,382,15,3,1871,0,
1375,690,14,2,3244,0,
1376,305,26,3,4640,0,2025-11-13 19:26:29
1376,743,11,3,632,0,
1378,606,24,2,1013,0,2025-07-12 11:29:54
1379,194,23,3,4368,0,2025-07-23 17:45:22
1381,230,15,3,6527,0,2025-12-05 23:14:10
1383,537,27,3,2807,0,2025-11-03 16:18:27
1383,578,17,2,1020,0,2025-11-17 16:10:34
1384,596,21,3,9236,0,2025-02-11 13:35:02
1386,64,15,1,1603,0,
1386,465,13,2,7319,0,2025-03-29 05:12:47
1386,791,13,1,4239,0,
1388,628,5,3,7470,0,2025-07-07 04:24:25
1390,138,15,2,4100,0,2025-03-22 05:07:16
1390,225,29,3,4592,0,
1390,718,23,3,8296,0,
1391,25,13,2,7808,0,
1391,71,3,1,6940,0,
1391,545,23,3,3724,0,
1391,763,18,1,9847,0,
1392,112,15,1,1934,0,
1395,381,3,1,3278,0,
1397,202,15,1,7678,0,2025-02-18 03:01:24
1397,476,10,3,7567,0,2025-03-02 11:07:51
1398,393,29,3,5459,0,2025-08-11 09:40:04
1398,441,5,3,4239,0,2025-01-02 14:04:04
1399,437,29,3,6789,0,2025-03-08 00:28:16
1401,321,29,2,897,0,2025-08-27 19:33:54
1402,230,15,2,6527,0,2025-06-05 00:55:31
1403,45,15,3,5702,0,2025-02-17 23:08:13
1404,431,1,1,560,0,2025-01-22 10:49:31
1406,532,29,3,6496,0,2025-02-25 09:25:23
1408,603,16,1,4733,0,2025-04-09 22:34:55
1409,619,3,1,5148,0,2025-08-09 09:52:08
1409,623,7,3,3307,0,2025-01-01 02:31:57
1410,335,11,2,9258,0,2025-10-17 00:41:14
1410,571,15,1,880,0,2025-02-22 18:57:08
1411,92,17,2,897,0,2025-07-29 03:55:48
1413,534,20,2,9538,0,
1413,628,5,3,7470,0,2025-05-01 09:53:24
1414,38,14,1,9006,0,2025-02-01 13:27:23
1414,336,19,3,4449,0,2025-07-19 18:37:23
1415,205,9,2,5138,0,2025-07-29 04:24:57
1415,206,11,1,4329,0,
1415,239,21,1,3252,0,2025-04-10 20:08:36
1416,83,29,1,9760,0,2025-01-16 13:46:36
1416,244,1,3,6888,0,
1416,540,3,3,8069,0,
1418,624,8,1,9667,0,2025-08-22 12:55:47
1419,703,2,2,6244,0,
1420,506,15,2,8573,0,2025-01-15 00:29:39
1420,580,8,3,8620,0,
1423,270,11,1,6466,0,2025-11-08 15:19:29
1423,288,20,2,748,0,
1424,636,13,1,8283,0,2025-07-15 19:17:22
1424,764,22,2,721,0,2025-05-23 14:20:52
1428,508,18,3,3799,0,
1429,411,23,3,2191,0,
1433,426,12,1,6757,0,2025-06-09 14:05:39
1433,789,19,2,7203,0,
1435,76,29,2,8893,0,2025-06-07 20:17:01
1435,356,13,2,8276,0,2025-10-21 20:59:51
1436,476,10,3,7567,0,
1438,611,13,1,5998,0,2025-11-11 06:10:02
1438,642,17,1,2448,0,2025-10-05 07:50:46
1439,305,26,1,4640,0,2025-09-13 13:08:40
1439,441,5,3,4239,0,
1439,651,1,1,2760,0,2025-03-19 10:28:48
1439,713,23,3,517,0,2025-01-21 08:05:29
1440,23,18,3,7692,0,
1440,485,4,2,1179,0,2025-09-09 13:16:40
1440,795,19,1,8736,0,2025-09-19 14:09:42
1441,56,4,1,6646,0,2025-01-12 20:44:11
1441,346,13,2,7953,0,2025-03-08 11:39:26
1442,146,13,3,4648,0,
1442,524,29,2,4495,0,2025-07-25 10:31:42
1443,322,19,3,2378,0,2025-11-12 10:15:37
1443,465,13,1,7319,0,2025-08-02 17:06:48
1444,614,26,2,2882,0,2025-01-28 12:46:24
1446,185,30,2,8368,0,2025-05-01 22:35:25
1446,677,15,3,1263,0,2025-09-23 02:44:27
1446,740,21,3,4562,0,2025-06-10 21:13:39
1448,12,22,3,1598,0,2025-01-10 11:10:45
1448,71,8,2,4213,0,2025-07-05 17:23:33
1448,149,9,2,6377,0,2025-11-27 11:34:20
1448,519,23,2,8631,0,2025-02-23 05:09:03
1449,367,4,2,5819,0,2025-07-31 18:13:36
1449,403,8,3,4180,0,2025-05-20 18:36:02
1450,492,29,3,6156,0,
1450,643,24,2,3597,0,2025-08-15 23:34:35
1451,202,15,1,7678,0,2025-01-31 22:13:49
1452,389,2,1,6464,0,2025-07-27 17:28:49
1454,164,8,2,8533,0,2025-04-12 04:43:00
1454,449,7,3,7138,0,2025-03-04 05:14:42
1454,654,23,2,9129,0,
1457,335,11,2,9258,0,
1458,675,13,1,5145,0,
1459,111,25,3,6327,0,2025-06-21 17:01:36
1459,470,25,2,7475,0,
1459,625,15,3,9357,0,2025-05-03 17:42:11
1460,389,2,3,6464,0,2025-05-28 15:25:56
1461,80,25,3,2138,0,2025-02-14 11:49:12
1461,295,9,3,7067,0,2025-11-13 05:45:49
1462,344,6,2,7156,0,
1463,23,18,3,7692,0,2025-04-17 05:03:24
1463,336,19,1,4449,0,2025-08-20 20:22:22
1465,322,19,2,2378,0,2025-12-06 02:23:59
1465,761,30,2,6742,0,
1466,202,15,2,7678,0,2025-02-10 01:36:35
1466,214,7,2,6644,0,2025-02-26 03:28:05
1467,230,15,1,6527,0,2025-06-22 08:46:05
1467,506,15,1,8573,0,2025-04-09 11:16:26
1468,527,23,1,7576,0,2025-11-11 15:50:02
1468,593,23,3,3797,0,2025-07-20 02:39:53
1471,76,29,1,8893,0,2025-11-29 00:11:38
1472,759,28,1,1525,0,
1473,112,15,3,1934,0,2025-05-23 20:52:47
1473,164,8,3,8533,0,
1474,122,6,1,580,0,
1474,130,22,1,4475,0,2025-05-04 06:44:46
1474,306,23,3,3344,0,
1475,527,23,3,7576,0,
1476,556,29,3,8147,0,2025-03-20 08:37:44
1476,749,26,2,9946,0,2025-03-20 09:49:20
1478,86,19,3,8085,0,2025-01-15 08:06:30
1479,56,4,1,6646,0,2025-11-07 13:23:33
1480,214,7,3,6644,0,2025-05-30 04:03:54
1480,403,8,1,4180,0,2025-08-31 00:26:18
1480,489,30,3,4386,0,2025-01-15 14:11:22
1481,476,10,1,7567,0,2025-06-25 18:30:46
1482,388,6,2,922,0,2025-06-13 02:26:41
1484,476,10,1,7567,0,2025-08-21 14:48:12
1485,339,25,3,2341,0,2025-12-08 13:37:16
1486,284,19,3,8900,0,2025-02-03 20:04:45
1488,462,22,1,6365,0,
1488,605,17,3,8355,0,2025-07-21 12:38:18
1489,650,15,1,8523,0,
1491,246,3,1,5768,0,2025-05-09 18:54:16
1491,351,6,2,3262,0,2025-03-01 11:35:58
1491,546,6,3,8375,0,2025-09-29 01:50:03
1492,545,23,2,3724,0,2025-09-12 03:25:22
1494,241,23,3,3243,0,
1494,335,11,2,9258,0,2025-07-06 03:23:14
1494,540,3,3,8069,0,2025-11-15 15:10:25
1494,758,6,2,8471,0,
1495,269,6,2,8912,0,2025-07-27 15:18:57
1495,492,29,2,6156,0,2025-06-30 07:23:03
1495,657,13,3,6680,0,
1497,430,30,1,3341,0,
1498,423,26,1,7130,0,2025-03-17 20:19:07
1498,575,19,1,6174,0,
3500,306,23,3,1527,0,2025-01-06 17:26:16
3500,537,27,2,2612,0,2025-01-06 17:26:16
3500,642,17,2,4223,0,2025-01-06 17:26:16
3502,244,1,1,3930,0,2025-01-26 15:34:42
3502,408,5,1,4291,0,2025-01-26 15:34:42
3503,83,29,2,1222,0,2025-06-18 01:23:25
3504,709,13,2,3602,0,
3505,258,13,2,1089,0,2025-04-09 19:53:43
3505,413,29,3,2119,0,2025-04-09 19:53:43
3505,740,21,3,3051,0,2025-04-09 19:53:43
3506,409,26,2,3592,0,2025-05-30 21:23:11
3508,518,24,3,4899,0,2025-04-21 13:17:44
3509,126,14,3,1951,0,
3509,343,14,3,4773,0,2025-09-18 06:40:25
3509,404,8,2,4325,0,2025-09-18 06:40:25
3510,170,5,3,2544,0,
3510,222,23,3,1794,0,2025-09-03 01:30:17
3510,265,22,2,2246,0,2025-09-03 01:30:17
3511,214,7,2,1627,0,2025-07-07 15:01:40
3512,354,22,3,4903,0,2025-02-17 14:17:48
3512,382,15,2,3884,0,2025-02-17 14:17:48
3512,394,10,2,4565,0,2025-02-17 14:17:48
3513,144,23,1,1365,0,2025-11-06 22:11:31
3513,657,13,3,3234,0,2025-11-06 22:11:31
3514,571,15,2,2680,0,2025-07-01 21:38:58
3515,289,1,1,1929,0,2025-09-24 09:24:47
3516,386,6,1,3197,0,
3518,582,2,1,2168,0,2025-01-07 11:38:26
3520,92,17,1,897,179,
3520,152,29,5,8819,8819,
3520,158,16,5,6792,6792,
3520,277,25,1,2325,465,
3520,288,20,2,748,299,
3520,407,3,3,6929,4157,
3520,419,6,3,8972,5383,
3520,429,2,1,7059,1411,
3520,524,29,1,4495,899,
3520,591,5,1,9106,1821,
3520,724,19,1,5197,1039,
3520,743,11,3,632,379,
3520,785,4,2,6727,2690,
3521,38,14,9,9006,0,
