"74","78","2025-02-18 01:14:45.969719"
"253","126","2025-11-10 14:20:35.260484"
"62","31","2025-05-03 07:45:20.907409"
"99","104","2025-04-16 03:01:55.817417"
"89","39","2025-03-23 17:41:54.578761"
"43","135","2025-07-14 08:12:15.507127"
"122","121","2025-07-21 21:01:15.504374"
"115","64","2025-06-21 22:52:13.525563"
"281","65","2025-05-14 23:48:26.008155"
"278","146","2025-05-30 12:02:43.197184"
"66","87","2025-11-22 20:02:03.547707"
"288","66","2025-08-01 07:54:19.975400"
"46","85","2025-05-24 19:48:45.792011"
"241","8","2025-11-22 20:48:07.223531"
"78","106","2025-01-29 05:53:18.111679"
"225","95","2025-04-04 01:14:05.798707"
"203","12","2025-04-23 10:43:14.035517"
"184","45","2025-07-09 14:47:59.974962"
"160","110","2025-02-26 15:09:53.248960"
"255","41","2025-10-04 02:50:02.604426"
"145","141","2025-11-10 02:08:01.954667"
"137","93","2025-10-01 00:00:05.535156"
"236","132","2025-12-03 12:47:18.586602"
"79","87","2025-04-18 08:33:44.320608"
"129","25","2025-09-01 11:57:23.868076"
"101","99","2025-04-26 15:26:21.807516"
"74","105","2025-03-26 10:51:43.341349"
"269","92","2025-07-12 13:12:01.301171"
"102","52","2025-01-13 09:14:40.854839"
"240","138","2025-09-01 21:55:56.877267"
"158","130","2025-09-11 16:23:09.715955"
"93","135","2025-06-13 03:04:27.198478"
"5","113","2025-02-13 17:55:33.353962"
"158","96","2025-05-19 11:50:46.552263"
"72","59","2025-09-12 06:05:09.871183"
"156","56","2025-01-15 13:55:59.010285"
"49","60","2025-08-20 11:18:35.878025"
"174","28","2025-03-13 10:10:14.975299"
"298","78","2025-05-17 16:52:53.320834"
"87","128","2025-04-12 22:36:58.141550"
"206","33","2025-01-28 17:47:42.785942"
"39","32","2025-05-20 06:41:12.037287"
"227","63","2025-10-12 21:43:27.912779"
"49","43","2025-11-13 02:56:52.844829"
"267","5","2025-02-11 12:00:29.914832"
"147","19","2025-11-19 09:03:15.712935"
"290","28","2025-05-11 08:29:05.033412"
"48","125","2025-11-08 23:48:35.244386"
"86","93","2025-01-06 08:50:19.928403"
"156","52","2025-08-24 01:07:25.973089"
"74","33","2025-03-06 06:07:31.227448"
"158","61","2025-11-09 15:06:20.338626"
"110","32","2025-02-19 03:57:11.592653"
"85","33","2025-07-28 20:44:35.082913"
"2","74","2025-11-26 14:43:17.345328"
"284","79","2025-09-28 18:56:18.303707"
"95","7","2025-05-04 17:54:11.073293"
"75","29","2025-10-02 06:28:18.300689"
"122","60","2025-12-03 15:18:16.702419"
"264","91","2025-01-12 14:55:11.514841"
"153","88","2025-04-06 23:16:15.828149"
"277","125","2025-01-15 13:09:23.101002"
"154","139","2025-09-22 14:22:27.241526"
"266","17","2025-05-04 04:04:33.161556"
"6","54","2025-04-05 10:01:59.670233"
"252","95","2025-11-07 01:07:54.421087"
"69","144","2025-11-05 07:19:03.400738"
"248","111","2025-02-11 20:10:02.213868"
"134","48","2025-04-10 07:03:41.701263"
"96","13","2025-02-06 19:20:41.456458"
"283","37","2025-09-30 14:50:44.254223"
"35","137","2025-01-22 13:50:14.501987"
"18","55","2025-06-30 21:25:25.491660"
"166","80","2025-07-19 12:16:48.233215"
"295","54","2025-07-09 02:37:21.081132"
"90","49","2025-06-10 09:57:15.966509"
"249","58","2025-01-05 15:00:11.525015"
"140","102","2025-10-19 02:07:13.369218"
"57","145","2025-11-01 04:56:51.425895"
"188","135","2025-10-28 17:15:24.336960"
"202","96","2025-02-19 22:52:53.584979"
"74","8","2025-04-28 17:40:35.033059"
"88","51","2025-09-04 06:50:44.231385"
"73","136","2025-08-31 22:15:30.961985"
"66","33","2025-07-17 11:25:38.147237"
"285","82","2025-04-20 08:26:48.859186"
"65","52","2025-03-18 19:22:35.934159"
"146","15","2025-06-22 16:34:09.239446"
"85","87","2025-07-21 13:52:21.901030"
"168","120","2025-05-02 01:47:16.295152"
"23","70","2025-10-18 22:39:40.854242"
"200","105","2025-05-14 15:55:12.015275"
"231","134","2025-11-15 21:18:27.708819"
"220","99","2025-10-03 04:09:55.339868"
"157","107","2025-10-26 16:08:30.460776"
"5","52","2025-09-20 22:22:35.529908"
"300","109","2025-06-29 21:33:06.037179"
"118","17","2025-05-28 18:20:35.500986"
"261","22","2025-12-04 01:34:38.106951"
"30","9","2025-05-02 17:06:41.509797"
"194","61","2025-05-23 16:33:48.071946"
"70","91","2025-04-01 05:34:10.141825"
"146","62","2025-03-09 16:07:31.749538"
"152","1","2025-05-25 22:45:33.480215"
"223","100","2025-02-18 12:09:04.115981"
"198","70","2025-10-22 16:09:18.626157"
"210","108","2025-11-15 10:47:56.040894"
"235","97","2025-08-23 12:41:38.110265"
"35","129","2025-01-06 00:49:36.743595"
"285","113","2025-02-15 07:11:58.194959"
"89","49","2025-07-10 00:28:51.477006"
"243","69","2025-09-03 06:10:02.333720"
"62","110","2025-01-26 12:37:58.602426"
"5","31","2025-05-30 15:17:50.159026"
"257","115","2025-01-22 01:28:37.726166"
"234","116","2025-05-14 21:55:36.308490"
"192","145","2025-09-15 14:17:20.964040"
"76","77","2025-04-23 19:43:25.706486"
"272","70","2025-01-30 19:04:12.532627"
"199","122","2025-03-21 08:48:53.219342"
"10","99","2025-03-27 17:34:06.542119"
"227","130","2025-11-17 20:33:07.600258"
"270","55","2025-08-13 21:50:00.695147"
"12","110","2025-08-15 13:29:26.337331"
"20","126","2025-09-04 13:37:35.049552"
"256","96","2025-11-18 09:03:14.133370"
"12","127","2025-02-19 13:29:42.584912"
"121","130","2025-06-12 00:27:04.555641"
"52","93","2025-07-26 17:34:11.963629"
"280","141","2025-03-19 14:21:14.979174"
"124","32","2025-09-21 08:46:33.859119"
"217","94","2025-04-25 01:51:27.908394"
"40","94","2025-12-07 08:34:28.890357"
"175","112","2025-04-28 16:52:28.988044"
"207","118","2025-07-05 05:27:56.200678"
"129","5","2025-03-22 08:16:24.104799"
"57","141","2025-04-24 21:53:22.639288"
"217","149","2025-12-01 15:11:58.840725"
"260","26","2025-11-12 15:39:35.273525"
"1","85","2025-07-15 19:44:09.313622"
"183","69","2025-06-23 10:19:42.703557"
"73","146","2025-01-29 10:02:44.393212"
"170","30","2025-08-22 11:54:29.260877"
"85","121","2025-09-24 21:17:40.534148"
"150","88","2025-01-22 04:19:36.149903"
"177","52","2025-08-31 09:55:41.260098"
"92","77","2025-10-03 18:07:34.694655"
"39","4","2025-11-08 08:02:45.740135"
"252","55","2025-09-04 01:00:49.723346"
"294","77","2025-09-09 16:32:02.988803"
"255","94","2025-07-24 01:51:52.909946"
"285","27","2025-07-11 12:51:44.072413"
"242","148","2025-07-03 05:33:50.226887"
"92","2","2025-03-02 00:49:50.438787"
"199","2","2025-06-25 22:59:11.978679"
"253","138","2025-05-07 04:08:33.222999"
"152","17","2025-06-03 20:45:12.417304"
"23","71","2025-03-15 02:02:36.444811"
"73","107","2025-07-22 19:21:20.232131"
"80","2","2025-12-01 18:13:53.505780"
"218","63","2025-05-14 09:42:35.662965"
"160","84","2025-12-02 19:02:06.735451"
"31","132","2025-03-07 02:10:29.618540"
"112","46","2025-05-15 17:07:14.991178"
"257","45","2025-07-27 03:02:51.098541"
"24","55","2025-02-20 08:17:34.889239"
"39","91","2025-07-10 10:34:09.806939"
"198","39","2025-06-21 16:04:17.741568"
"230","74","2025-04-01 11:24:52.382164"
"11","79","2025-07-03 16:22:48.935489"
"179","33","2025-08-27 03:10:00.629353"
"290","95","2025-01-31 17:14:06.174131"
"97","100","2025-04-26 12:02:08.984619"
"44","110","2025-05-19 04:31:06.169718"
"60","97","2025-10-06 04:05:38.521737"
"61","141","2025-09-22 23:53:01.086517"
"93","35","2025-02-28 18:18:06.147507"
"76","130","2025-02-26 13:24:12.373713"
"222","45","2025-08-16 03:46:54.504770"
"191","111","2025-02-19 06:40:08.681861"
"198","91","2025-05-19 03:47:51.907102"
"107","125","2025-05-03 11:48:10.663718"
"95","58","2025-01-18 18:11:53.067319"
"8","45","2025-11-22 02:55:34.694780"
"144","134","2025-03-05 17:16:55.556223"
"70","62","2025-01-27 06:55:02.241704"
"173","94","2025-06-24 19:00:11.848693"
"278","66","2025-03-22 20:04:01.692174"
"151","37","2025-10-27 23:06:02.848684"
"78","150","2025-09-04 07:43:29.973238"
"272","135","2025-06-17 19:17:21.398418"
"35","57","2025-02-02 01:15:00.830170"
"123","31","2025-09-09 07:22:14.314483"
"106","20","2025-08-02 08:15:27.092463"
"140","69","2025-08-13 03:45:45.010226"
"20","121","2025-03-22 18:57:39.624397"
"142","138","2025-10-30 21:45:24.530703"
"253","112","2025-02-28 19:46:30.014369"
"116","107","2025-04-28 04:07:53.437043"
"298","17","2025-01-18 17:06:22.533527"
