"1","1","4100.58","","2025-06-18 23:48:39.762760"
"2","2","1628.31","","2025-07-31 17:37:15.293237"
"3","3","1460.39","","2025-11-21 12:07:00.442105"
"4","4","1259.94","","2025-08-30 12:22:01.438241"
"5","5","4835.36","","2025-03-23 01:57:02.657251"
"6","6","445.59","","2025-09-03 20:16:38.389931"
"7","7","2615.52","","2025-04-04 17:45:55.428986"
"8","8","700.66","","2025-01-20 05:49:44.549196"
"9","9","2440.63","","2025-10-26 14:29:06.380804"
"10","10","1154.40","","2025-12-08 06:52:32.386116"
"11","11","1442.61","","2025-04-11 23:50:48.953854"
"12","12","3051.28","","2025-03-07 13:04:59.403431"
"13","13","1996.44","","2025-09-12 13:02:57.451275"
"14","14","525.65","","2025-02-06 08:50:43.543004"
"15","15","1804.22","","2025-10-20 18:50:48.984264"
"16","16","4717.82","","2025-02-20 16:59:50.514127"
"17","17","2428.90","","2025-11-20 22:39:03.394436"
"18","18","4194.90","","2025-09-16 09:54:47.446359"
"19","19","1442.00","","2025-04-29 16:09:38.838857"
"20","20","4988.93","","2025-08-16 23:29:28.732478"
"21","21","4860.39","","2025-06-30 05:56:33.613304"
"22","22","4909.52","","2025-06-14 21:49:55.095877"
"23","23","4844.11","","2025-02-04 21:50:14.273188"
"24","24","2613.59","","2025-08-02 02:03:32.530273"
"25","25","995.57","","2025-08-15 07:13:23.581298"
"26","26","4938.93","","2025-04-17 05:08:58.411385"
"27","27","387.01","","2025-02-25 16:56:37.191013"
"28","28","4139.99","","2025-05-15 18:41:15.557439"
"29","29","3824.41","","2025-10-29 20:11:19.430394"
"30","30","390.18","","2025-02-21 17:53:18.951732"
"31","31","4047.23","","2025-07-06 13:58:59.006997"
"32","32","4946.47","","2025-07-01 15:18:13.040242"
"33","33","4876.06","","2025-06-13 09:09:32.070351"
"34","34","3629.83","","2025-09-14 11:35:26.101217"
"35","35","2383.17","","2025-07-24 09:28:44.379493"
"36","36","3274.52","","2025-02-01 15:18:36.687619"
"37","37","4994.74","","2025-03-04 12:15:09.153146"
"38","38","4780.06","","2025-11-30 12:07:53.635440"
"39","39","4723.27","","2025-06-16 16:55:30.235565"
"40","40","3513.46","","2025-09-21 17:01:28.027925"
"41","41","3479.21","","2025-10-29 09:25:02.708000"
"42","42","1004.23","","2025-11-07 20:20:43.632681"
"43","43","3927.36","","2025-07-23 00:26:27.047317"
"44","44","1484.85","","2025-11-29 23:19:19.272591"
"45","45","704.38","","2025-04-28 23:50:47.456385"
"46","46","780.39","","2025-09-30 19:00:05.912607"
"47","47","1586.28","","2025-07-23 21:31:44.950001"
"48","48","4240.66","","2025-06-26 23:27:04.226683"
"49","49","527.45","","2025-07-23 19:18:46.237310"
"50","50","2026.24","","2025-08-27 17:12:55.989914"
"51","51","531.16","","2025-07-08 02:59:16.692448"
"52","52","946.23","","2025-10-14 21:14:13.806231"
"53","53","2518.77","","2025-02-28 18:27:53.796450"
"54","54","2985.87","","2025-09-08 13:14:37.277787"
"55","55","354.47","","2025-07-21 08:31:50.097076"
"56","56","1853.00","","2025-01-01 16:12:05.040132"
"57","57","3903.91","","2025-11-13 02:05:07.052660"
"58","58","2683.15","","2025-06-11 21:58:03.766185"
"59","59","1866.63","","2025-10-14 01:30:12.808753"
"60","60","2715.25","","2025-07-19 15:29:27.079708"
"61","61","3331.62","","2025-11-11 10:09:54.941927"
"62","62","4599.67","","2025-10-08 05:10:01.804815"
"63","63","727.56","","2025-02-16 16:13:39.216143"
"64","64","2834.63","","2025-09-04 05:34:07.061530"
"65","65","3164.36","","2025-02-10 02:06:57.244992"
"66","66","3496.33","","2025-08-12 10:53:44.045468"
"67","67","2567.78","","2025-03-07 22:59:07.514602"
"68","68","1360.86","","2025-07-14 22:24:32.501701"
"69","69","927.61","","2025-08-13 00:33:26.392273"
"70","70","4805.73","","2025-05-31 14:34:49.760407"
"71","71","3622.98","","2025-01-14 10:26:31.984001"
"72","72","1391.96","","2025-12-04 08:16:09.604832"
"73","73","2348.27","","2025-06-18 10:22:45.404454"
"74","74","2442.35","","2025-11-16 04:50:07.032886"
"75","75","4934.85","","2025-01-16 08:48:15.696668"
"76","76","506.23","","2025-05-31 18:50:24.226974"
"77","77","4540.14","","2025-12-07 18:50:19.837574"
"78","78","1127.14","","2025-10-27 15:01:21.918245"
"79","79","3804.52","","2025-05-12 23:03:58.560376"
"80","80","3553.27","","2025-08-07 03:47:24.778004"
"81","81","3791.49","","2025-06-26 17:30:24.032687"
"82","82","652.30","","2025-07-16 09:07:18.705628"
"83","83","179.86","","2025-04-07 22:28:09.754400"
"84","84","4131.42","","2025-10-31 15:34:15.448029"
"85","85","3531.32","","2025-07-31 05:43:09.177195"
"86","86","2955.24","","2025-07-26 10:37:55.938029"
"87","87","4070.00","","2025-08-07 06:41:43.380651"
"88","88","4715.40","","2025-09-24 10:22:09.823072"
"89","89","2793.99","","2025-06-21 05:53:16.454351"
"90","90","4899.14","","2025-07-31 11:54:25.884453"
"91","91","4750.08","","2025-10-06 16:39:14.593055"
"92","92","4866.91","","2025-10-13 09:34:06.274461"
"93","93","2932.90","","2025-03-13 18:51:30.834221"
"94","94","350.06","","2025-11-20 19:05:21.111073"
"95","95","828.89","","2025-01-13 21:10:14.286599"
"96","96","3188.33","","2025-04-27 16:57:13.143766"
"97","97","961.68","","2025-05-08 04:39:23.072993"
"98","98","2096.56","","2025-09-19 13:55:07.771302"
"99","99","4703.58","","2025-09-06 18:07:30.424752"
"100","100","4302.14","","2025-04-06 13:42:04.391286"
"101","101","648.13","","2025-07-20 04:19:00.062080"
"102","102","3872.54","","2025-11-28 01:34:11.416684"
"103","103","4534.09","","2025-06-19 04:17:50.651459"
"104","104","4097.67","","2025-01-25 03:15:19.229120"
"105","105","4739.91","","2025-05-08 07:07:44.636539"
"106","106","4734.05","","2025-05-03 19:00:20.351742"
"107","107","3682.02","","2025-07-07 11:10:38.823022"
"108","108","1571.12","","2025-10-17 10:00:40.820807"
"109","109","2058.60","","2025-12-01 11:46:08.394098"
"110","110","2242.19","","2025-01-05 15:05:50.984248"
"111","111","3557.65","","2025-09-21 19:45:54.673295"
"112","112","516.19","","2025-06-20 11:54:33.568826"
"113","113","1381.11","","2025-04-07 06:58:14.739847"
"114","114","4671.06","","2025-08-17 11:57:25.977834"
"115","115","4699.49","","2025-08-26 15:45:34.521656"
"116","116","1546.89","","2025-10-14 13:16:45.168631"
"117","117","1049.90","","2025-02-16 16:32:40.830454"
"118","118","2732.79","","2025-05-11 22:42:02.950705"
"119","119","1195.26","","2025-06-27 03:59:54.084276"
"120","120","1221.12","","2025-10-06 21:15:19.281682"
"121","121","1826.28","","2025-02-23 10:56:11.448647"
"122","122","4161.33","","2025-06-13 19:59:07.489479"
"123","123","328.08","","2025-09-04 15:36:06.434000"
"124","124","390.42","","2025-01-01 13:14:01.399172"
"125","125","2841.74","","2025-01-16 01:45:10.227286"
"126","126","3310.18","","2025-04-16 03:00:51.415312"
"127","127","3813.44","","2025-09-20 18:00:05.915893"
"128","128","4769.52","","2025-04-24 12:13:23.957763"
"129","129","2988.38","","2025-07-24 22:43:55.354826"
"130","130","3451.26","","2025-09-20 22:14:21.200264"
"131","131","1756.07","","2025-02-15 23:44:36.667576"
"132","132","1826.58","","2025-05-24 08:50:33.524959"
"133","133","195.97","","2025-03-11 06:43:35.772690"
"134","134","4876.62","","2025-09-14 08:30:27.791508"
"135","135","2593.98","","2025-11-11 05:39:56.548443"
"136","136","570.41","","2025-10-18 17:12:03.880595"
"137","137","619.29","","2025-06-07 19:36:43.392942"
"138","138","790.56","","2025-02-19 19:33:06.985313"
"139","139","2983.74","","2025-11-06 02:12:11.743451"
"140","140","3637.48","","2025-09-14 07:43:29.548271"
"141","141","826.49","","2025-01-13 15:37:22.810414"
"142","142","1939.82","","2025-06-28 19:18:03.723624"
"143","143","3213.53","","2025-04-21 18:21:17.935484"
"144","144","1253.91","","2025-03-24 19:17:41.608419"
"145","145","3035.83","","2025-07-03 14:13:14.283144"
"146","146","1732.23","","2025-08-17 20:27:37.681348"
"147","147","3239.64","","2025-09-14 01:35:56.013858"
"148","148","2940.05","","2025-07-31 05:27:50.327593"
"149","149","2783.81","","2025-08-03 03:00:38.688673"
"150","150","691.71","","2025-10-04 17:39:47.227636"
"151","62","-36.20","1","2025-11-13 19:27:48.812347"
"152","66","-133.44","2","2025-10-22 05:01:48.384759"
"153","138","-169.59","3","2025-08-25 17:09:02.298009"
"154","96","-55.95","4","2025-03-11 08:10:30.916916"
"155","61","-39.25","5","2025-11-04 12:30:52.437336"
"156","87","-158.47","6","2025-06-28 12:14:04.087992"
"157","38","-114.21","7","2025-07-07 06:43:12.464155"
"158","63","-89.16","8","2025-10-04 09:00:56.372077"
"159","66","-134.97","9","2025-09-26 10:22:30.593017"
"160","45","-124.81","10","2025-08-04 09:10:10.510107"
"161","30","-75.69","11","2025-05-18 14:23:03.653378"
"162","123","-22.36","12","2025-01-21 06:44:59.194024"
"163","47","-81.16","13","2025-05-01 17:29:20.188280"
"164","92","-33.08","14","2025-10-14 22:05:33.486348"
"165","64","-195.79","15","2025-05-28 14:47:04.215250"
"166","23","-97.56","16","2025-10-01 04:19:14.822117"
"167","128","-101.97","17","2025-11-16 17:00:57.161429"
"168","76","-34.65","18","2025-03-27 01:46:31.217622"
"169","70","-115.22","19","2025-10-23 00:57:22.975621"
"170","52","-57.11","20","2025-08-27 05:31:20.200110"
"171","105","-59.47","21","2025-06-12 23:16:39.714849"
"172","6","-109.10","22","2025-11-08 09:34:06.315438"
"173","50","-129.58","23","2025-01-16 09:33:34.930273"
"174","42","-174.17","24","2025-09-21 23:13:39.079220"
"175","118","-123.17","25","2025-07-27 03:07:27.546081"
"176","65","-103.73","26","2025-02-03 07:36:57.668045"
"177","74","-33.70","27","2025-05-11 00:53:41.111160"
"178","125","-59.70","28","2025-11-28 06:33:43.567206"
"179","81","-145.41","29","2025-07-19 16:45:31.416335"
"180","99","-187.67","30","2025-05-13 08:34:01.035035"
"181","30","-164.73","31","2025-01-23 09:29:33.092799"
"182","86","-56.15","32","2025-02-13 20:28:34.723825"
"183","69","-169.05","33","2025-10-26 23:54:32.568104"
"184","144","-44.37","34","2025-04-02 07:55:33.072892"
"185","80","-52.18","35","2025-08-25 16:48:57.002567"
"186","107","-166.18","36","2025-05-25 17:01:03.392673"
"187","96","-137.20","37","2025-05-16 04:29:45.741757"
"188","23","-113.52","38","2025-07-24 16:31:12.514402"
"189","21","-102.89","39","2025-11-08 16:18:13.635932"
"190","24","-54.51","40","2025-10-02 19:32:21.100491"
"191","5","-183.01","41","2025-04-20 18:53:51.379381"
"192","150","-177.54","42","2025-10-02 13:43:55.916928"
"193","85","-179.89","43","2025-02-21 20:42:08.735826"
"194","25","-65.96","44","2025-04-26 12:19:14.059740"
"195","61","-123.29","45","2025-10-21 09:13:00.045916"
"196","11","-179.26","46","2025-05-22 17:38:47.246506"
"197","80","-46.30","47","2025-01-09 15:21:21.417031"
"198","101","-176.97","48","2025-09-09 00:43:41.174167"
"199","33","-43.43","49","2025-07-13 14:43:56.001778"
"200","136","-44.56","50","2025-08-09 14:51:22.673924"
"201","72","-160.28","51","2025-09-13 18:11:43.301244"
"202","41","-84.74","52","2025-02-07 23:46:01.908281"
"203","58","-130.95","53","2025-11-02 03:24:50.194364"
"204","34","-138.65","54","2025-02-01 01:01:42.948490"
"205","67","-49.38","55","2025-09-23 05:31:28.190892"
"206","78","-143.56","56","2025-10-22 11:48:53.222092"
"207","70","-147.29","57","2025-03-02 07:05:03.490525"
"208","21","-91.69","58","2025-03-11 15:55:25.895185"
"209","105","-129.76","59","2025-10-25 04:48:31.015093"
"210","51","-91.34","60","2025-01-11 16:50:46.866325"
"211","5","-59.07","61","2025-08-15 03:56:19.157035"
"212","138","-70.35","62","2025-02-24 08:17:21.000002"
"213","123","-23.39","63","2025-05-25 08:46:10.616534"
"214","33","-190.40","64","2025-05-05 19:15:14.144030"
"215","70","-103.98","65","2025-05-25 21:08:46.538166"
"216","72","-19.27","66","2025-05-21 22:40:53.240567"
"217","57","-27.41","67","2025-01-21 18:27:59.677278"
"218","37","-102.06","68","2025-04-23 13:39:49.112038"
"219","148","-164.70","69","2025-02-12 10:21:37.091062"
"220","1","-137.24","70","2025-09-09 23:20:29.097128"
"221","33","-95.45","71","2025-09-03 06:09:49.001749"
"222","125","-60.12","72","2025-08-22 20:40:02.390548"
"223","11","-139.70","73","2025-04-10 16:38:01.686025"
"224","82","-43.42","74","2025-05-29 12:21:20.287067"
"225","45","-42.55","75","2025-01-06 01:34:54.622261"
"226","82","-15.41","76","2025-09-08 16:38:55.537028"
"227","114","-80.00","77","2025-11-26 16:25:35.833222"
"228","71","-97.04","78","2025-07-30 15:48:19.226834"
"229","49","-17.96","79","2025-07-21 18:01:41.121426"
"230","90","-31.24","80","2025-07-13 04:43:37.625020"
"231","70","-169.91","81","2025-07-12 02:17:27.461197"
"232","138","-124.57","82","2025-04-05 17:56:50.456203"
"233","73","-14.65","83","2025-10-13 23:45:14.174031"
"234","74","-182.00","84","2025-07-22 12:37:19.029758"
"235","101","-151.27","85","2025-05-06 15:20:25.702553"
"236","45","-98.62","86","2025-08-09 21:27:39.105551"
"237","30","-68.94","87","2025-02-17 04:35:27.116044"
"238","25","-100.82","88","2025-08-07 02:44:39.233314"
"239","36","-135.47","89","2025-07-09 08:28:59.270024"
"240","118","-29.63","90","2025-07-09 06:34:37.120958"
"241","109","-163.40","91","2025-02-14 12:18:11.891213"
"242","138","-152.52","92","2025-09-27 06:16:31.315983"
"243","46","-190.46","93","2025-07-24 05:30:43.317651"
"244","18","-24.78","94","2025-07-06 08:44:15.605177"
"245","113","-52.29","95","2025-04-22 16:05:11.083781"
"246","97","-150.96","96","2025-01-30 12:25:00.897051"
"247","14","-136.24","97","2025-01-22 05:16:37.731938"
"248","100","-93.74","98","2025-10-24 02:55:53.536164"
"249","99","-153.04","99","2025-05-31 19:33:24.142930"
"250","33","-42.78","100","2025-08-04 04:58:05.209150"
"251","139","-72.08","101","2025-07-28 20:10:36.428654"
"252","39","-164.89","102","2025-02-12 15:34:52.917939"
"253","9","-137.86","103","2025-11-07 20:13:13.294871"
"254","114","-168.67","104","2025-04-16 15:02:16.103215"
"255","148","-152.64","105","2025-02-14 03:03:27.803065"
"256","54","-184.23","106","2025-03-06 14:21:38.179218"
"257","53","-27.10","107","2025-07-23 01:04:07.748430"
"258","23","-117.56","108","2025-07-16 18:07:26.322455"
"259","138","-42.33","109","2025-09-08 11:28:34.668721"
"260","32","-45.47","110","2025-06-22 05:30:01.579644"
"261","120","-174.24","111","2025-06-28 08:34:08.952957"
"262","43","-40.44","112","2025-02-26 02:31:39.172955"
"263","52","-188.88","113","2025-04-08 02:11:46.967283"
"264","62","-21.92","114","2025-11-22 13:15:16.306043"
"265","97","-56.36","115","2025-06-06 05:11:39.074891"
"266","18","-17.63","116","2025-09-20 15:23:09.472198"
"267","55","-69.59","117","2025-11-25 23:56:26.423207"
"268","51","-157.00","118","2025-03-16 06:48:58.280702"
"269","126","-164.45","119","2025-06-10 23:27:53.635183"
"270","50","-48.19","120","2025-02-26 03:26:01.499021"
"271","132","-53.56","121","2025-06-04 13:16:56.508683"
"272","50","-94.82","122","2025-10-23 09:11:58.199167"
"273","148","-175.99","123","2025-07-09 23:15:57.831186"
"274","111","-158.87","124","2025-03-09 02:52:57.625522"
"275","102","-112.29","125","2025-01-20 10:29:05.651137"
"276","68","-159.77","126","2025-04-16 09:08:48.117992"
"277","121","-40.31","127","2025-06-26 03:38:01.843589"
"278","8","-34.43","128","2025-03-12 20:35:47.609447"
"279","89","-138.49","129","2025-05-23 02:31:02.431446"
"280","9","-71.61","130","2025-06-23 16:51:31.197109"
"281","113","-160.02","131","2025-08-23 02:59:43.382851"
"282","133","-73.12","132","2025-07-20 19:47:17.107241"
"283","55","-56.94","133","2025-07-21 20:00:19.493758"
"284","37","-168.69","134","2025-04-10 02:00:45.522909"
"285","117","-153.69","135","2025-09-08 01:30:58.464500"
"286","24","-186.46","136","2025-08-25 13:06:47.960295"
"287","71","-21.50","137","2025-07-18 22:37:50.255049"
"288","75","-16.33","138","2025-03-13 16:46:39.927898"
"289","85","-114.76","139","2025-07-18 21:40:34.925563"
"290","77","-71.33","140","2025-09-24 04:49:42.194340"
"291","23","-66.53","141","2025-07-09 19:52:01.868677"
"292","32","-181.57","142","2025-05-11 11:00:33.427526"
"293","95","-19.36","143","2025-08-08 18:43:16.722124"
"294","23","-154.85","144","2025-06-03 08:54:38.332674"
"295","35","-187.51","145","2025-11-10 08:00:17.653583"
"296","62","-147.91","146","2025-05-05 17:25:51.690063"
"297","125","-21.55","147","2025-07-20 20:36:09.380220"
"298","37","-14.32","148","2025-01-13 18:59:36.044488"
"299","95","-110.47","149","2025-06-06 19:42:39.805582"
"300","38","-135.77","150","2025-05-17 06:16:10.678391"
"301","131","-67.62","151","2025-04-26 03:42:07.261117"
"302","82","-59.60","152","2025-01-21 18:11:24.729543"
"303","20","-153.92","153","2025-09-01 21:09:48.554713"
"304","50","-25.19","154","2025-02-20 18:58:21.597495"
"305","76","-124.03","155","2025-09-19 19:43:35.156214"
"306","109","-167.26","156","2025-01-17 12:43:57.525508"
"307","97","-157.53","157","2025-06-05 04:09:56.989779"
"308","10","-39.85","158","2025-03-03 11:48:21.182160"
"309","113","-27.96","159","2025-02-26 16:20:28.101753"
"310","74","-80.90","160","2025-05-18 22:19:05.647023"
"311","40","-167.84","161","2025-09-11 13:01:25.429288"
"312","49","-161.62","162","2025-04-07 20:36:48.613505"
"313","126","-42.43","163","2025-06-13 22:34:34.766960"
"314","40","-60.36","164","2025-11-09 19:29:05.004408"
"315","39","-20.95","165","2025-02-07 15:05:41.148154"
"316","110","-104.60","166","2025-09-22 06:27:42.422584"
"317","55","-166.43","167","2025-04-09 00:04:30.060306"
"318","41","-171.95","168","2025-10-01 10:03:50.768563"
"319","114","-116.08","169","2025-01-09 20:23:14.506886"
"320","109","-95.86","170","2025-06-28 05:04:37.591683"
"321","10","-11.91","171","2025-01-06 11:10:55.202406"
"322","121","-81.33","172","2025-03-05 17:38:15.773334"
"323","22","-15.51","173","2025-09-10 22:22:43.665919"
"324","94","-20.33","174","2025-04-25 20:12:57.046699"
"325","26","-130.59","175","2025-02-18 01:12:16.521027"
"326","127","-134.00","176","2025-10-01 03:43:23.384580"
"327","134","-101.63","177","2025-05-28 06:04:00.743037"
"328","8","-78.19","178","2025-07-20 12:18:35.100410"
"329","23","-150.73","179","2025-10-16 09:32:15.658574"
"330","67","-121.07","180","2025-04-22 08:58:31.712868"
"331","150","-35.89","181","2025-04-23 16:59:20.470343"
"332","144","-146.22","182","2025-04-29 00:51:14.915972"
"333","42","-10.66","183","2025-10-23 04:05:05.837234"
"334","32","-184.57","184","2025-10-26 08:35:16.800917"
"335","149","-145.39","185","2025-05-30 07:30:37.183806"
"336","133","-42.03","186","2025-01-10 09:58:41.694713"
"337","128","-30.03","187","2025-12-02 10:11:23.060566"
"338","63","-180.41","188","2025-11-05 07:30:20.098145"
"339","58","-29.74","189","2025-08-05 08:18:15.675687"
"340","37","-83.17","190","2025-08-27 07:53:21.637207"
"341","40","-23.61","191","2025-08-20 06:30:07.086751"
"342","46","-23.44","192","2025-09-09 23:13:17.758082"
"343","28","-70.21","193","2025-11-21 23:13:10.113418"
"344","25","-21.22","194","2025-06-19 02:58:58.275146"
"345","120","-194.43","195","2025-03-31 21:02:47.567831"
"346","67","-190.14","196","2025-11-12 11:02:15.428005"
"347","108","-189.63","197","2025-01-19 01:42:29.849763"
"348","20","-31.52","198","2025-09-19 12:55:02.828733"
"349","116","-95.19","199","2025-07-01 09:40:32.961363"
"350","89","-174.96","200","2025-01-20 13:29:59.603067"
"351","66","-160.37","201","2025-02-25 12:26:47.380967"
"352","105","-189.38","202","2025-10-07 12:55:45.352905"
"353","6","-120.17","203","2025-10-03 06:09:42.236502"
"354","62","-161.08","204","2025-08-04 10:13:13.105805"
"355","23","-95.37","205","2025-10-15 15:25:05.036690"
"356","37","-143.23","206","2025-01-28 19:52:38.783166"
"357","134","-51.85","207","2025-04-09 16:37:59.788372"
"358","116","-91.05","208","2025-06-09 01:40:29.455058"
"359","3","-97.39","209","2025-06-21 00:46:30.799902"
"360","108","-97.29","210","2025-04-13 21:14:12.221329"
"361","133","-110.94","211","2025-08-02 04:10:52.255389"
"362","34","-158.01","212","2025-07-17 06:28:39.836630"
"363","85","-190.43","213","2025-07-22 07:13:59.186589"
"364","146","-120.62","214","2025-08-06 15:23:19.495677"
"365","137","-177.27","215","2025-03-15 20:18:57.199203"
"366","52","-197.97","216","2025-10-26 23:23:07.166096"
"367","25","-163.80","217","2025-01-15 03:56:36.531850"
"368","70","-16.04","218","2025-03-26 16:34:32.549267"
"369","68","-169.53","219","2025-02-18 10:11:14.282656"
"370","22","-104.48","220","2025-03-18 01:50:09.119607"
"371","38","-72.82","221","2025-08-04 08:02:18.752405"
"372","7","-158.93","222","2025-02-25 21:33:54.707329"
"373","115","-157.61","223","2025-02-05 11:54:42.882998"
"374","74","-61.25","224","2025-05-11 01:38:24.285749"
"375","109","-140.80","225","2025-09-08 21:26:57.319679"
"376","146","-11.61","226","2025-07-11 08:33:45.302718"
"377","133","-85.05","227","2025-05-01 05:33:13.502474"
"378","42","-193.19","228","2025-10-04 01:02:44.995950"
"379","69","-191.02","229","2025-02-20 13:58:09.087883"
"380","99","-81.89","230","2025-05-24 13:19:01.659669"
"381","66","-120.13","231","2025-09-04 01:15:59.188512"
"382","125","-182.51","232","2025-07-13 03:41:00.509944"
"383","68","-28.76","233","2025-04-12 11:33:59.629375"
"384","104","-16.35","234","2025-06-29 19:55:59.131419"
"385","128","-24.49","235","2025-05-04 22:26:58.893270"
"386","45","-50.05","236","2025-07-09 12:06:54.934829"
"387","4","-151.11","237","2025-10-11 10:10:07.137477"
"388","87","-196.61","238","2025-02-02 19:48:01.011236"
"389","28","-118.58","239","2025-05-11 06:20:57.547822"
"390","8","-189.55","240","2025-12-04 13:26:03.523349"
"391","80","-85.37","241","2025-08-25 04:49:56.052820"
"392","50","-110.13","242","2025-08-03 06:14:22.453256"
"393","106","-31.66","243","2025-01-15 13:33:50.581114"
"394","32","-13.66","244","2025-10-22 18:21:18.851544"
"395","92","-175.90","245","2025-10-21 04:01:48.539255"
"396","121","-118.33","246","2025-01-30 14:03:53.512725"
"397","45","-182.74","247","2025-06-19 02:27:48.725124"
"398","91","-71.93","248","2025-07-31 03:58:16.913157"
"399","112","-95.36","249","2025-08-15 16:54:01.897257"
"400","94","-15.48","250","2025-05-25 19:32:39.526008"
"401","28","-171.25","251","2025-08-18 03:39:27.518169"
"402","143","-36.31","252","2025-02-28 09:59:09.482502"
"403","34","-108.17","253","2025-02-25 06:13:11.542035"
"404","4","-130.97","254","2025-04-13 15:22:37.495451"
"405","99","-52.49","255","2025-11-29 01:35:18.760247"
"406","123","-115.63","256","2025-11-24 22:54:12.950739"
"407","101","-84.63","257","2025-07-05 22:01:23.632402"
"408","25","-17.00","258","2025-04-10 21:53:25.164896"
"409","15","-16.37","259","2025-11-22 13:56:14.853966"
"410","76","-111.91","260","2025-08-11 20:05:59.741539"
"411","44","-162.75","261","2025-11-08 14:48:00.622655"
"412","72","-126.30","262","2025-02-25 02:09:53.291910"
"413","32","-89.96","263","2025-03-05 15:40:24.931334"
"414","87","-155.72","264","2025-07-29 12:45:51.502654"
"415","37","-192.49","265","2025-09-25 00:17:56.439898"
"416","24","-179.17","266","2025-11-12 05:10:40.628958"
"417","87","-147.77","267","2025-03-29 19:31:23.579856"
"418","51","-22.88","268","2025-01-27 15:42:29.025716"
"419","96","-11.02","269","2025-01-15 21:52:42.673895"
"420","147","-13.15","270","2025-11-22 22:22:10.603073"
"421","67","-79.90","271","2025-01-02 12:39:18.679642"
"422","44","-108.71","272","2025-01-05 06:25:24.762779"
"423","103","-46.40","273","2025-10-19 05:52:28.793045"
"424","27","-84.86","274","2025-03-27 22:11:47.657777"
"425","28","-93.42","275","2025-01-04 16:35:56.441034"
"426","54","-142.91","276","2025-04-13 12:28:04.687131"
"427","140","-18.81","277","2025-11-16 05:58:12.879007"
"428","129","-12.62","278","2025-07-07 18:51:26.400995"
"429","24","-10.89","279","2025-09-26 16:16:33.070856"
"430","140","-51.36","280","2025-11-08 06:21:04.327620"
"431","74","-11.99","281","2025-12-05 21:26:09.461662"
"432","16","-96.91","282","2025-06-28 22:15:44.191027"
"433","29","-123.97","283","2025-04-25 15:39:12.345679"
"434","43","-58.85","284","2025-08-28 18:08:56.599374"
"435","43","-192.44","285","2025-10-29 18:39:39.280833"
"436","120","-122.27","286","2025-07-20 19:14:53.987216"
"437","43","-61.11","287","2025-02-15 20:56:05.171929"
"438","147","-99.87","288","2025-07-04 13:31:43.861442"
"439","144","-194.31","289","2025-03-08 03:10:20.479560"
"440","5","-103.91","290","2025-06-27 14:38:20.889998"
"441","26","-33.80","291","2025-10-30 08:16:49.991549"
"442","22","-176.66","292","2025-04-25 11:20:08.468042"
"443","98","-156.85","293","2025-04-05 10:47:54.035579"
"444","66","-131.20","294","2025-03-23 07:41:50.575069"
"445","99","-85.97","295","2025-05-30 15:02:49.291935"
"446","119","-53.31","296","2025-10-16 19:38:46.807890"
"447","130","-86.60","297","2025-08-03 20:58:20.408403"
"448","95","-181.83","298","2025-04-21 16:31:10.877306"
"449","109","-199.11","299","2025-10-22 06:43:11.755230"
"450","3","-64.95","300","2025-06-25 14:24:19.228588"
"451","108","-169.32","301","2025-02-09 22:53:34.077579"
"452","60","-125.54","302","2025-01-21 16:10:23.631841"
"453","89","-101.82","303","2025-08-01 13:41:32.059175"
"454","81","-167.68","304","2025-01-22 02:48:42.520706"
"455","120","-67.08","305","2025-11-05 21:57:23.738846"
"456","65","-93.64","306","2025-06-02 13:07:17.888114"
"457","70","-111.31","307","2025-08-18 12:08:07.252236"
"458","48","-185.09","308","2025-01-08 23:50:19.522850"
"459","119","-108.75","309","2025-08-15 12:42:45.408407"
"460","6","-107.01","310","2025-09-15 07:16:09.417908"
"461","122","-33.60","311","2025-08-08 18:20:23.441996"
"462","74","-199.79","312","2025-12-05 19:30:42.602298"
"463","64","-59.77","313","2025-09-01 22:48:58.556672"
"464","27","-151.89","314","2025-11-26 09:46:04.441235"
"465","133","-175.55","315","2025-10-19 18:40:56.291991"
"466","51","-173.81","316","2025-07-16 18:12:06.469777"
"467","85","-166.80","317","2025-05-09 03:37:42.519391"
"468","35","-185.61","318","2025-11-25 16:02:08.001662"
"469","126","-111.00","319","2025-11-17 12:02:09.890129"
"470","120","-145.25","320","2025-06-26 06:25:18.505702"
"471","95","-140.86","321","2025-05-11 18:46:21.704686"
"472","51","-80.56","322","2025-06-03 07:16:13.368326"
"473","53","-61.94","323","2025-04-17 14:30:25.163965"
"474","126","-92.16","324","2025-03-29 03:48:59.485373"
"475","23","-161.48","325","2025-10-05 19:17:37.849440"
"476","133","-181.22","326","2025-09-03 03:18:30.965961"
"477","142","-44.05","327","2025-11-12 02:16:32.105289"
"478","72","-11.28","328","2025-04-19 19:26:40.410803"
"479","21","-154.89","329","2025-09-01 04:57:29.263392"
"480","6","-87.19","330","2025-07-21 20:12:41.432258"
"481","123","-187.50","331","2025-04-06 10:14:56.665895"
"482","88","-183.79","332","2025-06-08 23:36:21.713381"
"483","1","-180.09","333","2025-07-22 07:45:30.097896"
"484","76","-58.60","334","2025-02-05 22:09:32.259225"
"485","115","-60.00","335","2025-11-09 04:57:19.357875"
"486","132","-127.23","336","2025-11-15 19:40:11.854445"
"487","73","-12.39","337","2025-06-29 10:25:27.558808"
"488","10","-169.26","338","2025-05-17 06:09:21.310177"
"489","89","-53.63","339","2025-11-24 00:26:10.895583"
"490","106","-124.97","340","2025-08-14 23:36:31.176514"
"491","60","-58.90","341","2025-07-15 18:38:21.301326"
"492","125","-197.00","342","2025-05-11 21:36:25.366468"
"493","142","-158.58","343","2025-10-26 14:56:17.812063"
"494","112","-95.22","344","2025-05-05 21:40:00.690355"
"495","74","-193.91","345","2025-01-12 01:09:26.566675"
"496","125","-139.21","346","2025-08-31 08:43:18.399854"
"497","103","-160.28","347","2025-04-06 04:15:56.369217"
"498","111","-178.04","348","2025-07-30 05:35:03.745615"
"499","78","-45.31","349","2025-07-07 18:17:20.653580"
"500","141","-162.61","350","2025-12-03 07:55:26.781721"
"501","78","-18.72","351","2025-03-21 01:38:45.553008"
"502","150","-34.60","352","2025-11-08 03:59:02.722469"
"503","44","-178.87","353","2025-08-24 15:58:55.458396"
"504","10","-30.37","354","2025-11-07 10:38:28.701930"
"505","113","-185.76","355","2025-08-31 03:53:25.727710"
"506","80","-166.42","356","2025-03-21 23:52:13.816482"
"507","59","-161.60","357","2025-06-27 07:59:57.877489"
"508","60","-161.62","358","2025-10-09 12:26:09.088293"
"509","7","-30.21","359","2025-05-14 20:45:01.806107"
"510","87","-179.11","360","2025-02-16 14:20:47.381913"
"511","47","-183.32","361","2025-09-19 16:16:58.980025"
"512","18","-142.79","362","2025-12-08 02:23:25.085268"
"513","46","-68.06","363","2025-05-27 04:59:31.814085"
"514","9","-24.02","364","2025-11-02 00:03:07.608847"
"515","46","-71.41","365","2025-08-27 02:38:19.763784"
"516","134","-52.15","366","2025-07-01 05:37:57.786389"
"517","112","-132.85","367","2025-09-11 08:59:04.148125"
"518","111","-77.35","368","2025-10-05 02:17:31.634745"
"519","75","-133.68","369","2025-11-05 08:51:32.327784"
"520","113","-64.98","370","2025-07-18 21:45:54.968307"
"521","137","-125.97","371","2025-03-16 21:00:09.880476"
"522","41","-187.63","372","2025-09-13 22:34:54.194015"
"523","41","-43.55","373","2025-06-18 22:31:23.857669"
"524","30","-126.98","374","2025-07-05 00:25:22.045080"
"525","73","-166.81","375","2025-04-11 04:14:18.876069"
"526","79","-12.80","376","2025-07-13 01:18:29.297128"
"527","101","-181.31","377","2025-10-21 20:09:35.375595"
"528","69","-138.79","378","2025-08-31 18:10:13.687371"
"529","119","-176.88","379","2025-07-29 02:11:44.079237"
"530","16","-74.86","380","2025-06-05 19:15:30.865998"
"531","76","-162.49","381","2025-04-25 18:29:36.812426"
"532","117","-73.56","382","2025-03-14 23:14:48.176630"
"533","80","-145.75","383","2025-04-14 18:39:50.441453"
"534","53","-143.58","384","2025-06-18 23:47:12.191126"
"535","18","-157.78","385","2025-10-08 20:07:39.715286"
"536","11","-182.25","386","2025-08-13 18:55:51.383863"
"537","24","-84.13","387","2025-02-28 14:42:35.578671"
"538","2","-66.75","388","2025-02-15 00:19:07.603047"
"539","80","-196.77","389","2025-09-20 00:30:34.077018"
"540","1","-79.54","390","2025-05-17 07:43:42.103555"
"541","12","-133.20","391","2025-03-18 09:49:14.079684"
"542","44","-28.87","392","2025-01-05 16:39:59.035214"
"543","21","-198.83","393","2025-11-19 22:54:05.413203"
"544","36","-119.85","394","2025-03-11 23:11:13.026639"
"545","144","-87.17","395","2025-08-21 03:40:17.829837"
"546","27","-80.75","396","2025-06-20 19:29:24.866204"
"547","17","-13.47","397","2025-03-11 04:09:46.248739"
"548","30","-134.63","398","2025-08-09 13:46:51.356703"
"549","26","-110.96","399","2025-05-07 09:55:39.433883"
"550","111","-116.69","400","2025-02-04 23:16:57.936076"
"551","30","-50.28","401","2025-02-23 04:49:39.193129"
"552","115","-153.50","402","2025-04-18 16:32:16.024461"
"553","44","-186.90","403","2025-11-10 12:29:19.107675"
"554","27","-183.82","404","2025-03-07 23:03:24.364603"
"555","96","-63.25","405","2025-11-12 06:08:27.772887"
"556","109","-28.73","406","2025-10-02 05:49:51.986219"
"557","34","-33.66","407","2025-05-14 18:30:02.416333"
"558","130","-41.24","408","2025-11-10 09:46:14.559483"
"559","142","-138.21","409","2025-08-13 17:57:00.940124"
"560","25","-76.69","410","2025-08-26 03:13:07.928203"
"561","97","-138.95","411","2025-12-06 06:25:05.061783"
"562","136","-153.93","412","2025-05-25 20:59:35.270202"
"563","144","-111.73","413","2025-10-26 11:27:16.798482"
"564","147","-148.64","414","2025-11-04 00:45:22.556998"
"565","101","-94.10","415","2025-10-21 19:08:40.908870"
"566","62","-140.42","416","2025-04-06 00:39:46.537706"
"567","24","-75.80","417","2025-09-08 05:28:18.486006"
"568","104","-85.22","418","2025-05-24 14:47:46.612806"
"569","73","-95.13","419","2025-04-28 23:17:57.655034"
"570","130","-148.15","420","2025-11-19 05:58:50.960427"
"571","6","-48.05","421","2025-05-19 15:54:41.356069"
"572","1","-140.46","422","2025-09-11 08:15:54.416033"
"573","66","-82.37","423","2025-08-29 22:08:13.438645"
"574","54","-34.01","424","2025-02-16 00:57:29.567917"
"575","36","-38.90","425","2025-07-06 18:50:32.574466"
"576","30","-161.62","426","2025-02-01 22:45:14.783868"
"577","124","-199.03","427","2025-04-18 09:48:20.177081"
"578","33","-137.62","428","2025-08-11 23:11:34.299002"
"579","67","-62.18","429","2025-04-10 14:42:29.603629"
"580","11","-190.25","430","2025-01-21 23:31:26.286079"
"581","90","-199.20","431","2025-05-09 12:11:48.861991"
"582","83","-138.74","432","2025-02-24 20:14:00.691925"
"583","25","-107.15","433","2025-04-19 02:46:37.223648"
"584","127","-77.84","434","2025-08-03 11:26:02.144289"
"585","65","-13.19","435","2025-10-30 00:13:25.496665"
"586","49","-186.31","436","2025-12-02 15:45:40.693017"
"587","30","-93.55","437","2025-04-08 07:15:11.211832"
"588","63","-148.96","438","2025-01-25 15:23:06.515678"
"589","103","-173.80","439","2025-07-09 23:18:37.897717"
"590","71","-161.24","440","2025-02-18 14:06:18.170921"
"591","143","-169.79","441","2025-11-04 10:18:39.667311"
"592","9","-51.09","442","2025-05-23 09:43:48.715072"
"593","85","-24.97","443","2025-01-21 14:32:41.418188"
"594","101","-149.39","444","2025-11-12 17:45:04.351657"
"595","108","-175.96","445","2025-06-11 05:02:08.623176"
"596","70","-122.19","446","2025-09-26 09:12:56.260751"
"597","68","-182.76","447","2025-01-10 20:49:07.585493"
"598","69","-192.77","448","2025-11-19 18:56:03.624708"
"599","21","-40.10","449","2025-11-25 15:27:10.249724"
"600","107","-103.44","450","2025-04-08 06:29:56.823433"
"601","69","-116.25","451","2025-03-07 08:39:58.201849"
"602","46","-123.11","452","2025-11-17 21:54:24.412353"
"603","95","-68.69","453","2025-11-22 02:51:11.412109"
"604","30","-91.30","454","2025-06-08 10:14:36.139017"
"605","128","-103.78","455","2025-04-08 02:03:54.891602"
"606","146","-158.12","456","2025-04-15 13:22:50.013627"
"607","19","-104.14","457","2025-08-17 13:03:06.617880"
"608","74","-66.10","458","2025-05-15 08:05:01.193173"
"609","11","-136.56","459","2025-06-17 00:49:31.616695"
"610","2","-197.30","460","2025-04-23 12:38:16.952858"
"611","41","-15.82","461","2025-11-24 22:05:52.649758"
"612","45","-72.44","462","2025-02-10 00:33:37.137211"
"613","60","-23.41","463","2025-03-07 00:22:20.845530"
"614","141","-168.69","464","2025-08-20 00:54:40.029256"
"615","9","-31.93","465","2025-11-28 16:29:32.179785"
"616","140","-148.81","466","2025-04-18 16:48:19.192835"
"617","117","-56.99","467","2025-07-08 05:27:32.863686"
"618","116","-30.16","468","2025-09-18 20:43:34.586992"
"619","86","-30.34","469","2025-09-22 20:59:30.021256"
"620","94","-44.64","470","2025-10-25 08:40:50.064649"
"621","5","-184.46","471","2025-10-25 00:24:33.513414"
"622","94","-19.40","472","2025-01-07 08:51:04.421490"
"623","123","-93.22","473","2025-12-01 00:55:19.874564"
"624","99","-148.12","474","2025-05-28 17:18:18.930271"
"625","4","-109.08","475","2025-04-17 11:25:52.863242"
"626","49","-34.49","476","2025-01-01 21:08:53.327275"
"627","127","-57.96","477","2025-06-22 03:36:16.106861"
"628","101","-92.74","478","2025-05-02 07:43:23.296401"
"629","40","-51.17","479","2025-08-30 08:39:04.496941"
"630","110","-24.10","480","2025-10-14 10:01:05.398853"
"631","114","-118.54","481","2025-07-28 00:08:49.161331"
"632","55","-188.62","482","2025-07-06 10:51:11.906936"
"633","17","-49.33","483","2025-01-13 07:44:45.071890"
"634","41","-156.22","484","2025-08-29 11:22:53.861496"
"635","1","-71.56","485","2025-11-08 07:45:21.948907"
"636","48","-36.32","486","2025-01-31 03:02:16.414539"
"637","40","-28.88","487","2025-05-02 00:05:59.879244"
"638","46","-190.94","488","2025-08-02 01:39:34.758596"
"639","66","-58.76","489","2025-07-23 13:06:48.843835"
"640","108","-67.80","490","2025-09-18 03:28:16.643118"
"641","138","-130.30","491","2025-08-23 22:06:34.603664"
"642","109","-85.17","492","2025-06-29 05:03:57.104011"
"643","119","-167.88","493","2025-08-15 09:57:42.227921"
"644","65","-161.83","494","2025-01-26 03:15:56.414500"
"645","81","-32.51","495","2025-08-22 09:34:02.370107"
"646","65","-150.85","496","2025-01-03 06:09:29.227102"
"647","73","-60.17","497","2025-04-06 15:01:48.884940"
"648","132","-69.49","498","2025-11-28 01:18:18.457433"
"649","128","-62.63","499","2025-08-23 12:10:56.971341"
"650","132","-146.83","500","2025-08-12 03:56:56.969037"
"651","52","-97.36","501","2025-04-07 22:58:44.852168"
"652","70","-188.96","502","2025-01-21 06:15:32.500811"
"653","105","-86.81","503","2025-11-12 00:33:29.432238"
"654","10","-178.32","504","2025-04-22 13:30:25.804364"
"655","107","-19.29","505","2025-09-14 14:33:27.217292"
"656","22","-64.35","506","2025-06-17 12:57:03.751274"
"657","7","-162.86","507","2025-06-13 12:50:31.759675"
"658","127","-105.01","508","2025-02-03 05:44:30.232028"
"659","100","-113.51","509","2025-08-03 17:29:43.936142"
"660","90","-187.40","510","2025-05-07 20:11:42.304478"
"661","121","-85.36","511","2025-06-11 10:02:56.036159"
"662","114","-162.27","512","2025-02-17 06:05:22.871278"
"663","122","-134.72","513","2025-06-02 14:43:32.732342"
"664","48","-183.85","514","2025-12-05 01:15:15.576483"
"665","7","-174.03","515","2025-05-08 15:18:35.730652"
"666","92","-75.37","516","2025-12-07 18:21:56.891597"
"667","79","-113.07","517","2025-11-29 13:51:14.112099"
"668","18","-197.35","518","2025-10-31 17:56:18.911538"
"669","25","-69.65","519","2025-11-21 18:01:25.961272"
"670","117","-59.71","520","2025-02-27 19:02:28.167710"
"671","33","-159.16","521","2025-12-05 03:03:07.294527"
"672","81","-56.87","522","2025-02-15 18:27:00.298301"
"673","40","-104.57","523","2025-10-01 04:12:00.424087"
"674","65","-158.72","524","2025-06-14 18:21:56.841857"
"675","88","-180.12","525","2025-02-03 13:34:03.533975"
"676","135","-63.17","526","2025-08-26 18:49:49.613728"
"677","58","-165.38","527","2025-06-25 00:56:08.966212"
"678","93","-66.67","528","2025-07-04 06:20:57.812053"
"679","68","-34.94","529","2025-02-24 19:47:32.089613"
"680","137","-84.26","530","2025-08-12 10:02:19.005333"
"681","25","-33.57","531","2025-09-06 19:48:36.852122"
"682","34","-135.72","532","2025-05-19 02:14:35.412693"
"683","36","-38.27","533","2025-11-28 04:49:03.459199"
"684","17","-83.90","534","2025-05-08 09:24:26.239475"
"685","50","-12.07","535","2025-02-23 02:52:28.864898"
"686","7","-111.72","536","2025-01-04 13:46:05.099011"
"687","121","-81.18","537","2025-02-15 22:21:20.846015"
"688","147","-120.06","538","2025-03-29 04:00:26.721581"
"689","13","-66.53","539","2025-01-18 13:26:36.361444"
"690","120","-163.05","540","2025-04-07 05:15:57.156181"
"691","35","-179.29","541","2025-11-14 07:57:14.041410"
"692","67","-38.42","542","2025-03-07 08:01:33.149244"
"693","78","-195.74","543","2025-06-27 15:05:51.408124"
"694","34","-133.81","544","2025-06-26 03:12:06.400988"
"695","95","-25.41","545","2025-10-15 12:54:10.376666"
"696","85","-91.58","546","2025-09-20 13:28:29.330302"
"697","26","-168.66","547","2025-03-29 23:32:20.466763"
"698","29","-115.20","548","2025-06-14 01:59:27.598160"
"699","79","-31.96","549","2025-09-20 09:55:09.041373"
"700","94","-114.06","550","2025-03-11 22:04:53.196654"
"701","2","-82.89","551","2025-02-15 01:34:15.614023"
"702","122","-122.29","552","2025-07-03 14:24:59.177341"
"703","104","-45.31","553","2025-10-09 13:21:34.387374"
"704","55","-68.50","554","2025-07-17 13:11:59.308122"
"705","107","-147.15","555","2025-06-16 20:30:12.104601"
"706","125","-143.66","556","2025-02-01 12:26:35.418159"
"707","127","-90.57","557","2025-09-23 10:36:40.921915"
"708","38","-137.43","558","2025-09-07 09:39:31.749862"
"709","53","-91.01","559","2025-10-13 01:25:25.959887"
"710","50","-55.14","560","2025-08-07 13:21:04.421193"
"711","19","-14.46","561","2025-08-28 02:59:03.128975"
"712","120","-34.29","562","2025-02-25 01:30:11.755622"
"713","93","-103.35","563","2025-10-06 13:00:02.131544"
"714","116","-134.17","564","2025-07-22 12:52:12.196315"
"715","63","-163.90","565","2025-07-15 11:45:37.775795"
"716","119","-118.17","566","2025-08-21 14:12:06.073742"
"717","88","-132.97","567","2025-05-23 00:04:29.497688"
"718","128","-146.86","568","2025-11-15 06:09:55.176474"
"719","25","-68.56","569","2025-11-16 00:39:55.484432"
"720","114","-43.43","570","2025-05-27 09:44:50.906554"
"721","82","-33.71","571","2025-02-02 11:10:30.560430"
"722","23","-14.70","572","2025-10-16 15:48:50.929338"
"723","81","-29.39","573","2025-03-27 13:37:38.677309"
"724","70","-161.10","574","2025-08-28 17:40:16.073504"
"725","30","-114.63","575","2025-03-19 10:25:01.260809"
"726","97","-13.78","576","2025-09-27 12:09:50.417374"
"727","84","-99.33","577","2025-07-11 05:43:52.739065"
"728","86","-88.96","578","2025-10-22 04:43:22.230545"
"729","49","-160.78","579","2025-01-24 04:24:30.908459"
"730","78","-90.81","580","2025-03-03 07:08:27.445069"
"731","48","-139.95","581","2025-01-13 11:53:26.334136"
"732","143","-189.12","582","2025-05-15 08:10:00.001993"
"733","122","-141.35","583","2025-03-04 12:29:41.292639"
"734","21","-18.44","584","2025-07-06 21:59:57.822715"
"735","135","-36.42","585","2025-10-15 14:00:16.580637"
"736","28","-73.30","586","2025-10-19 12:39:43.992305"
"737","97","-105.00","587","2025-07-30 23:18:00.626078"
"738","23","-54.61","588","2025-10-29 18:59:12.715422"
"739","119","-131.73","589","2025-05-23 14:43:37.595631"
"740","37","-151.23","590","2025-06-16 03:57:49.927506"
"741","37","-111.30","591","2025-02-06 07:28:22.766425"
"742","29","-108.83","592","2025-08-14 19:16:31.473589"
"743","31","-118.20","593","2025-07-15 18:26:08.781297"
"744","25","-140.39","594","2025-06-01 15:25:25.304687"
"745","21","-65.08","595","2025-04-14 06:36:24.581389"
"746","149","-47.05","596","2025-02-17 23:32:05.798133"
"747","56","-23.12","597","2025-10-16 20:58:22.863188"
"748","78","-166.31","598","2025-03-13 05:23:05.064406"
"749","45","-174.05","599","2025-05-26 04:41:59.444577"
"750","116","-150.55","600","2025-08-24 01:47:06.959591"
"751","69","-165.09","601","2025-07-19 13:42:10.168176"
"752","45","-185.06","602","2025-06-28 10:43:53.863567"
"753","104","-150.04","603","2025-02-08 10:22:13.354520"
"754","46","-17.24","604","2025-09-24 03:58:03.569765"
"755","22","-18.08","605","2025-09-09 18:32:35.783837"
"756","134","-128.98","606","2025-12-03 18:10:51.563597"
"757","117","-154.53","607","2025-09-12 23:01:52.629471"
"758","24","-156.04","608","2025-06-08 08:42:24.618594"
"759","133","-184.13","609","2025-10-11 06:38:36.984484"
"760","78","-19.70","610","2025-07-13 06:39:55.350659"
"761","15","-192.03","611","2025-01-18 22:56:00.460179"
"762","90","-47.57","612","2025-01-20 01:01:48.529371"
"763","128","-133.94","613","2025-11-11 18:17:27.028846"
"764","60","-134.91","614","2025-04-05 08:50:30.636197"
"765","33","-89.91","615","2025-01-29 10:47:38.395043"
"766","112","-179.33","616","2025-03-11 10:10:16.474652"
"767","93","-66.54","617","2025-06-22 17:09:57.802839"
"768","31","-60.05","618","2025-01-08 10:51:37.421443"
"769","35","-195.96","619","2025-04-07 10:46:03.543757"
"770","61","-111.09","620","2025-05-08 09:01:52.509027"
"771","141","-34.33","621","2025-06-22 00:56:49.490062"
"772","128","-55.47","622","2025-06-23 10:30:59.149537"
"773","124","-62.15","623","2025-11-29 12:03:40.444587"
"774","70","-86.19","624","2025-04-20 06:50:09.259366"
"775","5","-54.02","625","2025-04-09 03:00:18.825566"
"776","47","-119.20","626","2025-06-09 07:04:29.846838"
"777","51","-133.25","627","2025-09-06 21:10:04.609301"
"778","141","-41.07","628","2025-08-14 08:12:14.617837"
"779","29","-175.56","629","2025-06-19 11:32:31.906777"
"780","113","-168.18","630","2025-06-02 17:54:52.214191"
"781","29","-119.68","631","2025-06-19 08:16:35.328057"
"782","117","-73.30","632","2025-03-11 16:23:59.750082"
"783","136","-48.19","633","2025-04-04 03:24:20.498366"
"784","145","-193.98","634","2025-10-22 21:32:54.617799"
"785","97","-163.83","635","2025-08-09 09:44:24.743131"
"786","82","-197.49","636","2025-06-04 11:57:23.728742"
"787","87","-61.30","637","2025-09-09 04:11:34.959115"
"788","85","-28.72","638","2025-05-29 20:16:38.765527"
"789","38","-179.26","639","2025-11-30 02:37:45.892823"
"790","7","-20.81","640","2025-04-13 02:52:42.080741"
"791","124","-17.91","641","2025-02-25 22:14:10.260961"
"792","1","-95.31","642","2025-02-26 12:19:23.124103"
"793","144","-53.97","643","2025-11-13 19:14:05.644703"
"794","36","-160.44","644","2025-11-15 21:43:06.213550"
"795","15","-82.84","645","2025-09-03 21:35:12.667553"
"796","80","-80.98","646","2025-11-02 23:51:18.268023"
"797","50","-29.93","647","2025-08-26 08:22:56.038282"
"798","13","-158.40","648","2025-06-28 21:24:51.730434"
"799","46","-182.17","649","2025-05-01 22:21:42.696448"
"800","99","-50.79","650","2025-04-19 22:05:05.211790"
"801","136","-40.11","651","2025-10-09 15:03:36.328524"
"802","95","-62.85","652","2025-10-11 01:52:26.557455"
"803","54","-193.22","653","2025-06-16 13:16:43.718903"
"804","11","-186.55","654","2025-09-10 13:35:00.405755"
"805","58","-164.95","655","2025-03-12 07:07:58.136318"
"806","2","-151.59","656","2025-06-07 23:53:24.343102"
"807","3","-86.23","657","2025-09-29 10:54:57.821282"
"808","40","-95.78","658","2025-06-19 12:50:22.727890"
"809","17","-179.37","659","2025-01-25 14:39:49.525569"
"810","34","-58.35","660","2025-07-14 01:52:37.162169"
"811","72","-18.87","661","2025-07-03 12:49:39.475698"
"812","116","-73.18","662","2025-03-05 14:02:01.021707"
"813","135","-71.66","663","2025-07-25 22:07:53.440094"
"814","126","-57.05","664","2025-02-22 12:32:53.840651"
"815","69","-181.00","665","2025-06-26 17:08:59.830109"
"816","78","-40.95","666","2025-08-24 20:04:57.776966"
"817","137","-32.23","667","2025-02-04 08:12:44.315135"
"818","103","-178.90","668","2025-07-08 16:13:39.103049"
"819","86","-27.93","669","2025-05-09 12:40:55.848057"
"820","72","-111.83","670","2025-09-01 01:06:17.629853"
"821","4","-145.21","671","2025-03-09 01:41:35.595363"
"822","120","-44.57","672","2025-03-07 02:10:23.165946"
"823","104","-71.91","673","2025-11-04 09:43:32.263722"
"824","34","-39.77","674","2025-05-17 04:39:02.012787"
"825","123","-83.67","675","2025-06-21 18:18:08.155182"
"826","44","-26.75","676","2025-11-18 09:34:35.677346"
"827","50","-103.72","677","2025-03-25 21:23:34.874612"
"828","70","-158.23","678","2025-11-24 04:03:44.154569"
"829","130","-182.17","679","2025-02-09 18:53:07.520575"
"830","48","-107.17","680","2025-03-21 00:55:45.271080"
"831","125","-51.68","681","2025-04-25 20:54:40.781345"
"832","124","-77.53","682","2025-07-11 08:25:20.209614"
"833","112","-134.82","683","2025-04-23 15:15:23.259029"
"834","30","-68.21","684","2025-05-21 04:13:45.217825"
"835","133","-124.41","685","2025-04-19 02:38:33.522166"
"836","24","-101.08","686","2025-03-15 16:42:54.577761"
"837","25","-156.71","687","2025-07-17 00:55:43.304446"
"838","36","-112.84","688","2025-03-20 01:50:10.278854"
"839","145","-128.58","689","2025-06-10 16:33:58.676731"
"840","92","-146.19","690","2025-10-21 17:32:40.768441"
"841","26","-68.55","691","2025-06-24 09:57:08.911037"
"842","97","-72.35","692","2025-07-08 09:09:54.162578"
"843","33","-129.21","693","2025-10-01 05:58:49.861545"
"844","147","-171.60","694","2025-02-09 02:22:04.026191"
"845","53","-127.68","695","2025-06-18 15:15:46.225854"
"846","58","-33.67","696","2025-11-20 16:26:48.532593"
"847","146","-189.76","697","2025-07-23 21:49:35.892615"
"848","74","-166.14","698","2025-04-16 05:39:36.407996"
"849","36","-72.07","699","2025-09-21 18:56:26.048156"
"850","25","-156.68","700","2025-07-03 02:06:23.608251"
"851","49","-38.50","701","2025-03-20 20:59:15.880538"
"852","34","-172.25","702","2025-09-16 23:04:55.311588"
"853","69","-136.68","703","2025-08-09 00:37:51.697634"
"854","84","-55.14","704","2025-08-27 16:57:08.316133"
"855","115","-94.48","705","2025-07-14 12:00:34.065135"
"856","87","-163.69","706","2025-02-04 10:30:58.881748"
"857","26","-131.48","707","2025-06-09 01:26:29.063071"
"858","102","-10.26","708","2025-02-14 20:17:14.492873"
"859","16","-151.99","709","2025-05-15 14:37:12.778288"
"860","88","-188.71","710","2025-04-25 17:07:21.484482"
"861","64","-166.05","711","2025-04-23 11:46:12.964140"
"862","110","-53.80","712","2025-11-17 00:06:23.118519"
"863","32","-40.39","713","2025-02-04 01:23:58.323365"
"864","17","-129.89","714","2025-11-18 22:43:56.263354"
"865","127","-133.65","715","2025-02-16 12:40:48.317307"
"866","63","-115.61","716","2025-05-08 03:53:07.706274"
"867","16","-171.51","717","2025-12-02 22:01:08.067546"
"868","85","-92.32","718","2025-05-14 03:50:45.912169"
"869","23","-135.49","719","2025-11-13 14:17:17.146808"
"870","71","-94.23","720","2025-07-29 05:19:04.151339"
"871","2","-154.20","721","2025-01-02 07:49:10.758478"
"872","41","-117.04","722","2025-07-08 10:49:48.404441"
"873","143","-107.38","723","2025-05-25 01:35:25.472115"
"874","87","-131.91","724","2025-02-24 16:03:01.779620"
"875","117","-137.42","725","2025-08-14 07:52:20.375636"
"876","18","-68.90","726","2025-12-02 10:53:24.526573"
"877","70","-101.70","727","2025-07-31 17:37:56.234878"
"878","73","-177.20","728","2025-05-30 09:18:08.734582"
"879","104","-131.74","729","2025-08-14 14:27:27.813486"
"880","117","-66.12","730","2025-07-22 06:22:02.139722"
"881","34","-163.02","731","2025-07-20 16:47:07.016294"
"882","85","-176.50","732","2025-01-26 05:45:12.028740"
"883","40","-160.36","733","2025-07-29 18:46:58.904800"
"884","114","-73.27","734","2025-07-03 04:51:03.976227"
"885","84","-195.90","735","2025-10-30 05:43:51.390347"
"886","107","-151.66","736","2025-08-01 15:21:44.931009"
"887","77","-37.11","737","2025-06-22 04:29:44.331092"
"888","148","-67.22","738","2025-08-15 19:34:17.287662"
"889","21","-18.21","739","2025-05-08 09:39:02.217878"
"890","132","-118.28","740","2025-06-22 13:37:21.774122"
"891","137","-176.96","741","2025-06-14 13:52:44.924700"
"892","36","-57.53","742","2025-09-19 07:38:50.007409"
"893","87","-46.58","743","2025-08-14 06:21:41.828628"
"894","144","-30.14","744","2025-11-19 04:53:36.572504"
"895","44","-70.02","745","2025-06-21 03:38:31.221578"
"896","24","-180.71","746","2025-08-27 04:35:17.155685"
"897","29","-199.41","747","2025-11-23 14:53:16.287170"
"898","123","-110.94","748","2025-07-14 12:36:15.574678"
"899","50","-51.30","749","2025-04-07 15:19:57.202549"
"900","97","-169.27","750","2025-01-09 19:36:05.868636"
"901","68","-176.61","751","2025-04-06 03:04:22.489771"
"902","65","-22.98","752","2025-11-17 00:02:20.462180"
"903","133","-59.43","753","2025-05-20 02:32:58.739834"
"904","10","-118.96","754","2025-04-19 02:06:02.031652"
"905","115","-115.79","755","2025-10-10 04:04:45.823642"
"906","58","-28.10","756","2025-04-01 02:06:10.717054"
"907","122","-58.59","757","2025-03-23 17:40:47.429566"
"908","134","-194.00","758","2025-07-21 04:23:44.025330"
"909","102","-93.18","759","2025-08-13 04:44:29.124377"
"910","87","-84.54","760","2025-05-10 17:07:20.823579"
"911","145","-142.12","761","2025-05-02 06:20:01.766472"
"912","76","-66.97","762","2025-03-23 02:47:54.133647"
"913","46","-90.34","763","2025-05-30 08:08:46.450199"
"914","72","-92.63","764","2025-10-01 15:31:45.178187"
"915","31","-70.68","765","2025-02-04 14:39:03.449679"
"916","97","-126.58","766","2025-10-07 09:16:19.904737"
"917","78","-141.79","767","2025-11-11 02:03:10.573287"
"918","43","-195.84","768","2025-11-02 07:55:25.903892"
"919","8","-63.20","769","2025-03-01 09:44:34.788724"
"920","20","-37.03","770","2025-10-21 19:23:01.626501"
"921","100","-47.39","771","2025-04-05 18:35:29.866884"
"922","21","-150.41","772","2025-07-21 22:11:54.744045"
"923","146","-59.07","773","2025-10-17 01:30:52.868776"
"924","138","-25.84","774","2025-04-28 09:57:58.258049"
"925","56","-143.03","775","2025-05-05 12:40:28.933940"
"926","116","-76.83","776","2025-04-14 20:41:52.219970"
"927","26","-57.74","777","2025-10-24 12:05:13.376024"
"928","41","-170.15","778","2025-04-24 10:13:30.035512"
"929","13","-146.61","779","2025-12-04 19:11:46.265428"
"930","67","-55.78","780","2025-11-08 18:08:55.798046"
"931","138","-79.48","781","2025-06-18 08:23:44.761015"
"932","127","-165.33","782","2025-06-11 06:45:24.464193"
"933","5","-191.03","783","2025-06-29 06:06:01.496754"
"934","13","-169.32","784","2025-09-10 05:49:06.772691"
"935","49","-162.71","785","2025-05-23 08:09:25.218632"
"936","127","-58.40","786","2025-08-30 02:09:13.786634"
"937","52","-139.06","787","2025-03-23 19:24:54.235182"
"938","75","-45.44","788","2025-09-06 23:45:07.209225"
"939","146","-150.94","789","2025-04-05 16:43:10.437745"
"940","39","-152.09","790","2025-11-05 05:42:26.355519"
"941","140","-35.86","791","2025-06-24 04:47:30.500792"
"942","86","-197.07","792","2025-04-21 03:14:35.895241"
"943","80","-143.86","793","2025-04-15 11:51:03.481239"
"944","58","-25.87","794","2025-05-27 05:43:17.790213"
"945","78","-107.78","795","2025-04-13 19:33:34.729823"
"946","147","-71.64","796","2025-03-26 12:36:34.521610"
"947","91","-85.00","797","2025-06-03 02:11:00.090420"
"948","85","-16.57","798","2025-02-25 10:00:48.561605"
"949","89","-61.83","799","2025-06-05 22:12:47.883254"
"950","77","-78.73","800","2025-08-15 23:56:26.432347"
"951","39","-142.75","801","2025-09-01 01:37:09.103080"
"952","10","-197.68","802","2025-05-06 05:44:40.974238"
"953","4","-85.64","803","2025-08-29 17:30:36.673352"
"954","103","-142.60","804","2025-06-05 14:58:14.851901"
"955","111","-55.75","805","2025-11-01 11:37:33.742421"
"956","111","-41.16","806","2025-03-16 10:55:16.063138"
"957","120","-57.06","807","2025-01-11 12:30:13.716051"
"958","2","-56.53","808","2025-11-17 15:35:13.277094"
"959","147","-18.91","809","2025-11-01 14:30:33.557271"
"960","138","-76.41","810","2025-03-18 05:34:44.215250"
"961","4","-111.39","811","2025-04-06 00:25:10.637943"
"962","12","-24.95","812","2025-06-26 07:54:23.825027"
"963","33","-102.01","813","2025-10-17 23:54:04.075063"
"964","99","-146.60","814","2025-05-10 10:47:37.264902"
"965","45","-173.85","815","2025-08-16 09:47:23.203512"
"966","57","-172.28","816","2025-01-19 03:46:51.345443"
"967","141","-180.80","817","2025-05-13 09:56:34.625784"
"968","8","-166.15","818","2025-07-13 07:12:13.273146"
"969","101","-167.83","819","2025-11-21 09:02:03.160728"
"970","73","-88.55","820","2025-04-27 08:31:06.919465"
"971","98","-196.61","821","2025-10-14 23:54:36.441603"
"972","82","-15.60","822","2025-05-25 23:09:38.329823"
"973","108","-149.83","823","2025-01-09 23:16:41.918787"
"974","52","-80.70","824","2025-03-06 21:57:16.687591"
"975","92","-21.52","825","2025-04-24 10:50:37.097277"
"976","63","-102.27","826","2025-06-21 10:28:31.910489"
"977","9","-22.89","827","2025-11-28 12:17:08.246169"
"978","127","-75.90","828","2025-08-18 01:01:18.867945"
"979","13","-71.14","829","2025-07-08 14:25:31.421765"
"980","87","-12.76","830","2025-05-30 13:44:06.108562"
"981","48","-161.41","831","2025-05-12 04:34:05.166558"
"982","51","-151.60","832","2025-09-03 09:05:40.827852"
"983","10","-91.28","833","2025-10-22 12:39:59.677677"
"984","31","-92.36","834","2025-02-05 02:35:06.502216"
"985","83","-181.50","835","2025-07-21 14:22:49.920397"
"986","79","-162.13","836","2025-11-04 18:16:50.241771"
"987","47","-130.29","837","2025-02-28 00:54:24.473440"
"988","107","-101.06","838","2025-06-16 11:59:35.790945"
"989","15","-180.84","839","2025-09-24 21:52:46.813481"
"990","29","-10.20","840","2025-02-16 00:42:20.340744"
"991","128","-20.56","841","2025-07-14 11:14:57.865398"
"992","98","-49.16","842","2025-04-10 00:51:35.227360"
"993","105","-168.31","843","2025-05-06 11:37:19.203987"
"994","33","-54.87","844","2025-01-02 20:31:42.411741"
"995","114","-39.49","845","2025-09-11 17:47:12.804401"
"996","93","-54.03","846","2025-04-13 18:19:22.204799"
"997","135","-62.19","847","2025-04-27 00:28:30.946075"
"998","56","-152.19","848","2025-08-21 09:43:59.175779"
"999","103","-83.79","849","2025-04-24 17:43:43.920057"
"1000","58","-60.48","850","2025-03-09 10:09:37.302721"
"1001","21","-131.37","851","2025-11-20 01:47:37.298581"
"1002","29","-129.81","852","2025-02-28 23:24:27.875172"
"1003","43","-184.11","853","2025-10-28 23:25:52.366284"
"1004","8","-16.09","854","2025-07-02 04:30:03.786421"
"1005","30","-102.00","855","2025-09-23 02:23:59.156008"
"1006","136","-193.95","856","2025-10-28 06:08:43.816202"
"1007","47","-85.64","857","2025-08-03 14:20:53.820475"
"1008","107","-24.52","858","2025-07-03 10:40:19.847507"
"1009","4","-36.18","859","2025-05-05 18:44:12.345143"
"1010","36","-110.64","860","2025-02-09 21:51:39.568483"
"1011","132","-192.50","861","2025-09-08 16:05:12.176247"
"1012","114","-124.45","862","2025-05-13 15:04:56.150337"
"1013","70","-28.55","863","2025-02-15 16:31:02.787572"
"1014","16","-147.07","864","2025-07-09 10:08:46.968976"
"1015","69","-156.19","865","2025-01-16 01:28:20.769312"
"1016","87","-125.64","866","2025-01-26 13:20:07.353122"
"1017","27","-62.39","867","2025-11-21 08:21:14.435954"
"1018","69","-94.63","868","2025-01-25 03:55:22.275827"
"1019","96","-77.59","869","2025-11-17 16:34:12.674650"
"1020","15","-169.71","870","2025-04-28 22:56:32.059878"
"1021","28","-64.48","871","2025-07-01 10:44:54.904185"
"1022","73","-66.01","872","2025-09-05 04:50:54.026401"
"1023","88","-35.36","873","2025-06-07 06:10:35.983572"
"1024","62","-129.56","874","2025-09-27 01:08:54.356061"
"1025","49","-10.90","875","2025-09-27 07:14:46.147881"
"1026","97","-16.75","876","2025-10-16 22:51:46.918246"
"1027","137","-197.43","877","2025-01-09 00:28:41.179263"
"1028","44","-49.71","878","2025-09-12 09:46:03.960742"
"1029","101","-69.87","879","2025-05-26 05:20:43.188603"
"1030","137","-184.06","880","2025-06-08 22:54:28.572086"
"1031","12","-15.30","881","2025-07-08 05:50:05.768895"
"1032","112","-187.69","882","2025-04-03 09:35:34.619595"
"1033","29","-75.40","883","2025-09-28 09:02:54.282252"
"1034","52","-182.24","884","2025-12-03 14:31:33.189818"
"1035","77","-178.97","885","2025-03-10 11:53:35.431600"
"1036","22","-107.95","886","2025-11-25 13:36:48.242852"
"1037","129","-121.02","887","2025-09-07 12:50:29.873016"
"1038","142","-88.63","888","2025-05-04 03:52:44.827437"
"1039","46","-42.43","889","2025-06-29 07:45:07.123495"
"1040","32","-137.78","890","2025-02-01 05:37:01.648045"
"1041","76","-90.70","891","2025-05-20 02:16:41.878070"
"1042","125","-125.64","892","2025-12-01 17:51:54.992952"
"1043","64","-166.49","893","2025-06-30 02:13:22.316443"
"1044","149","-76.64","894","2025-04-12 21:21:19.692865"
"1045","62","-70.14","895","2025-04-27 20:53:03.549501"
"1046","123","-21.79","896","2025-12-02 09:26:56.912295"
"1047","92","-153.34","897","2025-11-22 17:02:15.166911"
"1048","69","-26.42","898","2025-01-08 17:19:23.280419"
"1049","27","-180.55","899","2025-08-18 14:06:23.184782"
"1050","119","-81.31","900","2025-03-01 06:07:40.489912"
"1051","90","-24.90","901","2025-02-14 20:30:04.437332"
"1052","34","-104.64","902","2025-08-26 22:03:33.839282"
"1053","118","-194.99","903","2025-07-09 15:45:24.795286"
"1054","124","-69.77","904","2025-04-01 14:13:05.945686"
"1055","80","-10.45","905","2025-07-20 05:43:01.658118"
"1056","37","-52.39","906","2025-08-03 12:07:53.464325"
"1057","12","-72.40","907","2025-03-25 09:14:19.723439"
"1058","17","-36.22","908","2025-04-19 11:00:46.947555"
"1059","46","-42.29","909","2025-08-12 10:29:15.566394"
"1060","29","-197.20","910","2025-04-07 14:07:48.701714"
"1061","60","-54.16","911","2025-11-22 17:01:36.442258"
"1062","28","-120.58","912","2025-05-17 23:58:22.824435"
"1063","150","-60.10","913","2025-08-22 16:34:58.006034"
"1064","139","-45.30","914","2025-10-14 12:56:57.155614"
"1065","145","-47.29","915","2025-06-06 12:29:29.397339"
"1066","104","-34.80","916","2025-05-02 21:28:21.303637"
"1067","106","-97.85","917","2025-10-15 01:23:38.169639"
"1068","95","-100.65","918","2025-01-29 18:17:20.995635"
"1069","63","-48.54","919","2025-09-26 15:33:48.423704"
"1070","28","-164.11","920","2025-08-16 19:25:34.369355"
"1071","138","-121.71","921","2025-03-08 12:05:12.360400"
"1072","38","-133.05","922","2025-07-10 15:49:59.585190"
"1073","92","-97.70","923","2025-09-05 06:33:24.830106"
"1074","131","-127.07","924","2025-10-19 02:31:56.330269"
"1075","111","-156.91","925","2025-08-05 01:26:14.622710"
"1076","48","-21.89","926","2025-08-03 22:35:45.738566"
"1077","47","-66.72","927","2025-11-22 14:14:37.896412"
"1078","6","-118.90","928","2025-02-07 09:55:56.746529"
"1079","39","-29.93","929","2025-01-20 07:11:04.799436"
"1080","132","-17.30","930","2025-06-14 03:41:37.962890"
"1081","64","-92.73","931","2025-06-14 01:35:18.344486"
"1082","144","-143.88","932","2025-02-11 10:15:38.083553"
"1083","123","-76.46","933","2025-07-10 17:21:26.494916"
"1084","127","-113.83","934","2025-05-16 07:19:06.383604"
"1085","86","-14.53","935","2025-04-03 22:07:55.787935"
"1086","24","-29.22","936","2025-12-02 04:59:07.830380"
"1087","11","-194.98","937","2025-01-27 21:19:32.825560"
"1088","104","-198.91","938","2025-05-24 18:50:25.656304"
"1089","132","-166.72","939","2025-07-12 15:15:55.268620"
"1090","88","-139.92","940","2025-09-27 22:43:18.620831"
"1091","88","-90.22","941","2025-10-15 08:44:07.097444"
"1092","17","-160.36","942","2025-01-31 07:35:02.638597"
"1093","33","-176.89","943","2025-03-10 13:27:42.143764"
"1094","25","-192.06","944","2025-07-17 11:18:47.714336"
"1095","72","-162.68","945","2025-07-11 09:00:36.519531"
"1096","66","-173.05","946","2025-05-23 22:46:47.266317"
"1097","5","-17.17","947","2025-01-31 05:21:01.748263"
"1098","83","-92.60","948","2025-07-06 22:48:26.082278"
"1099","63","-175.35","949","2025-09-28 05:59:16.265099"
"1100","93","-11.47","950","2025-01-10 18:59:40.904359"
"1101","97","-73.32","951","2025-02-06 03:20:10.547168"
"1102","5","-90.43","952","2025-03-29 22:27:14.606303"
"1103","149","-57.88","953","2025-11-04 16:16:19.691478"
"1104","79","-53.08","954","2025-12-01 04:00:08.737098"
"1105","6","-140.12","955","2025-02-26 13:29:39.828711"
"1106","31","-24.59","956","2025-12-07 03:36:12.063121"
"1107","7","-173.32","957","2025-02-21 06:45:57.242034"
"1108","37","-90.80","958","2025-01-07 12:08:22.886586"
"1109","33","-149.67","959","2025-12-07 13:53:21.020794"
"1110","143","-10.09","960","2025-01-27 04:47:23.734402"
"1111","51","-148.11","961","2025-05-14 05:12:36.383640"
"1112","93","-26.56","962","2025-08-15 08:42:29.101943"
"1113","145","-144.14","963","2025-09-09 21:29:14.045034"
"1114","58","-196.77","964","2025-09-16 13:41:10.595726"
"1115","111","-64.70","965","2025-03-19 16:26:33.842654"
"1116","74","-143.09","966","2025-07-14 10:48:24.352218"
"1117","17","-166.55","967","2025-09-19 14:21:00.699065"
"1118","71","-98.19","968","2025-11-10 10:28:51.394186"
"1119","98","-145.11","969","2025-09-17 02:44:25.683652"
"1120","42","-79.41","970","2025-04-06 10:03:20.777141"
"1121","116","-137.57","971","2025-04-29 16:31:22.481836"
"1122","41","-124.23","972","2025-10-19 10:47:39.945374"
"1123","43","-36.81","973","2025-07-22 23:31:53.121590"
"1124","13","-111.42","974","2025-03-15 14:36:26.888853"
"1125","95","-97.28","975","2025-06-03 22:03:42.222319"
"1126","58","-199.69","976","2025-09-09 16:44:32.238178"
"1127","128","-60.31","977","2025-02-12 18:21:53.097623"
"1128","80","-85.31","978","2025-03-26 01:48:05.169566"
"1129","96","-82.83","979","2025-04-24 17:22:29.564813"
"1130","138","-70.03","980","2025-06-28 16:27:08.946495"
"1131","128","-48.10","981","2025-08-20 22:42:06.943439"
"1132","130","-33.97","982","2025-03-10 03:33:37.370830"
"1133","63","-10.18","983","2025-04-16 11:05:04.229387"
"1134","55","-74.18","984","2025-01-22 20:00:12.520972"
"1135","26","-93.22","985","2025-07-04 07:42:40.832087"
"1136","28","-173.82","986","2025-10-05 17:16:59.297805"
"1137","144","-159.09","987","2025-10-26 02:21:49.290122"
"1138","112","-13.31","988","2025-07-07 02:01:02.594664"
"1139","116","-87.88","989","2025-03-05 05:16:26.125991"
"1140","4","-39.64","990","2025-08-21 11:36:56.504640"
"1141","135","-25.84","991","2025-10-05 11:45:58.662475"
"1142","82","-107.25","992","2025-06-02 21:10:32.103872"
"1143","134","-110.38","993","2025-08-09 15:44:27.083048"
"1144","33","-139.66","994","2025-09-22 13:29:08.925491"
"1145","77","-71.59","995","2025-11-08 06:57:29.035058"
"1146","76","-21.13","996","2025-11-16 14:52:14.125161"
"1147","103","-42.69","997","2025-05-08 15:53:16.764769"
"1148","134","-179.18","998","2025-02-02 06:51:02.969172"
"1149","118","-77.82","999","2025-01-13 12:40:07.060983"
"1150","146","-127.47","1000","2025-11-20 19:29:51.264544"
"1151","101","-116.06","1001","2025-02-04 16:16:03.741683"
"1152","143","-180.79","1002","2025-12-05 20:05:06.100066"
"1153","79","-14.00","1003","2025-01-11 00:06:18.094181"
"1154","31","-114.05","1004","2025-09-27 13:16:54.935693"
"1155","147","-126.44","1005","2025-02-25 00:56:05.777104"
"1156","66","-53.33","1006","2025-11-03 01:27:14.160325"
"1157","132","-42.10","1007","2025-09-28 06:03:40.918258"
"1158","116","-74.84","1008","2025-11-06 05:21:49.026143"
"1159","27","-120.63","1009","2025-07-22 22:13:36.495460"
"1160","80","-152.90","1010","2025-08-28 19:31:33.506585"
"1161","20","-77.84","1011","2025-05-19 16:25:34.676178"
"1162","112","-134.00","1012","2025-11-18 10:13:07.002713"
"1163","2","-70.79","1013","2025-05-17 07:32:05.519467"
"1164","85","-177.97","1014","2025-09-18 22:33:19.116461"
"1165","27","-32.79","1015","2025-01-24 04:14:48.040017"
"1166","51","-32.64","1016","2025-09-12 05:43:20.720268"
"1167","2","-60.81","1017","2025-10-23 09:38:16.844996"
"1168","5","-137.78","1018","2025-09-05 06:48:24.105930"
"1169","119","-139.20","1019","2025-11-09 00:13:31.525102"
"1170","133","-88.08","1020","2025-05-09 20:00:53.210143"
"1171","6","-143.88","1021","2025-08-05 17:02:34.203563"
"1172","61","-68.87","1022","2025-11-14 14:37:10.159918"
"1173","132","-115.50","1023","2025-01-15 03:29:23.847769"
"1174","68","-146.31","1024","2025-01-03 10:54:00.727364"
"1175","103","-197.16","1025","2025-02-18 23:59:55.064261"
"1176","115","-37.14","1026","2025-10-19 12:33:14.068979"
"1177","79","-105.79","1027","2025-08-04 15:11:14.021996"
"1178","4","-198.11","1028","2025-10-14 04:27:53.808211"
"1179","76","-110.09","1029","2025-09-11 16:09:16.166149"
"1180","88","-57.06","1030","2025-01-05 13:05:34.338996"
"1181","24","-97.33","1031","2025-04-28 10:21:08.465555"
"1182","99","-127.03","1032","2025-06-13 17:39:34.350601"
"1183","68","-125.63","1033","2025-07-19 22:34:43.310139"
"1184","72","-117.97","1034","2025-10-01 05:09:41.358124"
"1185","57","-76.93","1035","2025-09-11 02:29:32.444441"
"1186","47","-13.74","1036","2025-11-23 23:47:28.593032"
"1187","117","-46.47","1037","2025-04-09 20:57:41.958017"
"1188","67","-177.40","1038","2025-06-01 17:38:39.583178"
"1189","25","-23.22","1039","2025-01-24 17:38:56.792884"
"1190","45","-144.11","1040","2025-05-17 00:21:08.558769"
"1191","14","-124.78","1041","2025-10-30 08:06:42.488500"
"1192","93","-14.69","1042","2025-11-07 02:40:43.621425"
"1193","93","-89.36","1043","2025-05-08 19:26:44.702837"
"1194","99","-191.20","1044","2025-04-03 09:03:05.153350"
"1195","88","-33.27","1045","2025-01-18 18:11:04.134703"
"1196","73","-26.17","1046","2025-11-24 11:50:19.391643"
"1197","12","-165.50","1047","2025-07-03 10:08:35.314902"
"1198","130","-153.05","1048","2025-09-18 12:18:35.764241"
"1199","82","-33.59","1049","2025-02-28 05:29:26.675157"
"1200","82","-10.80","1050","2025-11-07 05:20:48.931158"
"1201","90","-143.38","1051","2025-11-21 02:41:08.359932"
"1202","115","-148.11","1052","2025-08-15 22:44:31.213209"
"1203","45","-30.10","1053","2025-12-06 02:59:52.083106"
"1204","76","-12.56","1054","2025-10-06 01:59:09.634226"
"1205","68","-59.90","1055","2025-09-20 04:21:32.300356"
"1206","1","-172.48","1056","2025-01-09 04:08:03.306228"
"1207","41","-132.11","1057","2025-03-08 05:20:56.094684"
"1208","89","-15.29","1058","2025-05-10 06:29:45.646628"
"1209","30","-54.74","1059","2025-10-27 00:03:41.620430"
"1210","13","-139.64","1060","2025-10-20 13:46:56.192258"
"1211","114","-103.23","1061","2025-03-26 05:05:11.460943"
"1212","10","-117.66","1062","2025-03-01 05:54:04.883980"
"1213","7","-153.77","1063","2025-10-30 16:39:48.870347"
"1214","4","-78.45","1064","2025-11-02 16:32:01.470299"
"1215","65","-195.42","1065","2025-06-26 18:42:21.884292"
"1216","46","-124.56","1066","2025-07-01 13:51:49.846105"
"1217","27","-188.90","1067","2025-03-24 21:15:57.113246"
"1218","103","-20.70","1068","2025-01-24 18:32:44.827598"
"1219","15","-43.31","1069","2025-08-16 14:14:55.041251"
"1220","27","-15.49","1070","2025-09-01 06:52:05.308375"
"1221","15","-45.52","1071","2025-04-07 10:11:30.530434"
"1222","66","-80.80","1072","2025-02-02 14:05:29.679595"
"1223","135","-115.36","1073","2025-08-29 03:04:57.732221"
"1224","149","-115.01","1074","2025-07-05 05:45:20.418486"
"1225","18","-181.89","1075","2025-11-27 02:37:17.267199"
"1226","124","-171.53","1076","2025-03-11 16:56:17.381574"
"1227","87","-150.81","1077","2025-09-12 15:38:27.338699"
"1228","86","-128.94","1078","2025-03-13 06:33:33.716216"
"1229","13","-15.81","1079","2025-08-28 00:32:38.790460"
"1230","134","-158.62","1080","2025-02-13 17:46:53.134990"
"1231","114","-170.69","1081","2025-05-10 03:47:26.271185"
"1232","5","-127.98","1082","2025-01-29 16:47:14.512810"
"1233","98","-140.98","1083","2025-06-18 02:26:31.765466"
"1234","11","-120.54","1084","2025-05-01 12:03:13.012573"
"1235","52","-126.30","1085","2025-06-25 05:27:55.152071"
"1236","30","-181.96","1086","2025-11-17 12:52:27.794694"
"1237","63","-141.22","1087","2025-05-25 00:37:05.254664"
"1238","138","-148.45","1088","2025-06-13 13:05:32.642822"
"1239","39","-182.25","1089","2025-02-01 16:54:23.686762"
"1240","62","-25.50","1090","2025-10-26 16:19:40.430420"
"1241","127","-144.08","1091","2025-06-27 11:58:57.363570"
"1242","127","-133.42","1092","2025-11-18 11:59:01.592407"
"1243","47","-17.73","1093","2025-04-27 07:08:30.992254"
"1244","68","-64.30","1094","2025-02-27 13:29:42.709190"
"1245","10","-194.10","1095","2025-02-04 04:37:48.212024"
"1246","76","-46.87","1096","2025-01-18 08:50:42.785829"
"1247","88","-155.39","1097","2025-07-25 01:32:49.200417"
"1248","71","-137.80","1098","2025-03-09 03:05:23.178222"
"1249","101","-29.92","1099","2025-03-19 22:44:31.478808"
"1250","16","-33.69","1100","2025-08-06 20:24:08.070287"
"1251","26","-129.58","1101","2025-09-02 14:33:33.746944"
"1252","85","-73.90","1102","2025-04-06 05:13:14.659751"
"1253","43","-11.07","1103","2025-05-05 20:04:01.909076"
"1254","11","-116.75","1104","2025-08-07 04:33:06.822992"
"1255","42","-76.98","1105","2025-09-14 23:43:55.084702"
"1256","40","-14.20","1106","2025-02-19 16:50:53.340871"
"1257","36","-28.26","1107","2025-10-27 10:33:57.518257"
"1258","141","-43.05","1108","2025-06-21 00:39:46.016678"
"1259","105","-167.71","1109","2025-09-13 10:32:43.801278"
"1260","5","-138.68","1110","2025-01-25 08:04:43.494625"
"1261","74","-90.87","1111","2025-02-09 21:03:40.422185"
"1262","145","-140.54","1112","2025-06-06 09:42:10.359253"
"1263","61","-119.23","1113","2025-04-28 02:48:14.689687"
"1264","3","-154.90","1114","2025-11-05 05:57:19.396188"
"1265","95","-193.98","1115","2025-05-17 19:07:30.712869"
"1266","23","-69.80","1116","2025-08-30 21:50:47.477526"
"1267","95","-14.76","1117","2025-04-25 02:48:17.129212"
"1268","17","-52.70","1118","2025-10-15 20:10:06.211815"
"1269","49","-49.20","1119","2025-12-07 00:38:45.848018"
"1270","148","-157.06","1120","2025-05-10 00:07:39.593462"
"1271","39","-36.26","1121","2025-10-10 18:42:17.348752"
"1272","135","-102.99","1122","2025-07-12 10:45:24.925697"
"1273","35","-196.52","1123","2025-10-17 09:56:44.322919"
"1274","29","-107.79","1124","2025-01-09 09:16:00.084289"
"1275","149","-85.17","1125","2025-03-21 20:07:56.801193"
"1276","144","-161.94","1126","2025-01-31 20:17:41.430046"
"1277","25","-115.49","1127","2025-09-05 08:56:03.443207"
"1278","43","-15.31","1128","2025-01-07 03:02:48.825816"
"1279","66","-144.19","1129","2025-04-04 06:21:18.359396"
"1280","68","-70.70","1130","2025-03-18 16:58:05.215316"
"1281","48","-107.76","1131","2025-09-23 04:14:13.823327"
"1282","108","-12.54","1132","2025-11-14 20:14:20.068140"
"1283","25","-32.33","1133","2025-09-24 09:30:41.178661"
"1284","39","-169.56","1134","2025-10-04 05:51:21.845288"
"1285","46","-133.43","1135","2025-08-22 15:32:22.326010"
"1286","115","-153.22","1136","2025-03-19 12:58:53.705643"
"1287","96","-33.45","1137","2025-06-25 11:22:47.620164"
"1288","69","-110.78","1138","2025-07-10 17:04:52.278742"
"1289","91","-100.25","1139","2025-07-31 16:57:25.476805"
"1290","106","-49.78","1140","2025-01-14 11:49:32.864163"
"1291","52","-26.44","1141","2025-09-15 06:16:59.610633"
"1292","150","-81.35","1142","2025-11-02 01:52:16.301872"
"1293","110","-121.22","1143","2025-03-09 04:20:01.118218"
"1294","63","-83.03","1144","2025-09-03 20:06:41.952068"
"1295","94","-139.74","1145","2025-07-24 15:07:07.622878"
"1296","8","-26.62","1146","2025-02-25 04:44:28.986340"
"1297","105","-57.37","1147","2025-08-08 08:17:38.542740"
"1298","25","-62.93","1148","2025-02-02 17:38:41.862938"
"1299","100","-148.61","1149","2025-05-26 09:26:00.918318"
"1300","52","-87.21","1150","2025-06-28 15:07:47.861630"
"1301","1","-104.83","1151","2025-07-13 23:50:56.265776"
"1302","59","-153.85","1152","2025-01-20 07:06:35.174550"
"1303","125","-171.61","1153","2025-08-17 01:07:53.633552"
"1304","109","-85.82","1154","2025-09-14 01:04:32.721620"
"1305","104","-38.35","1155","2025-11-15 03:34:28.543817"
"1306","80","-11.22","1156","2025-10-19 17:37:24.318210"
"1307","43","-89.75","1157","2025-01-28 22:26:22.003628"
"1308","32","-173.23","1158","2025-04-22 04:59:51.439369"
"1309","116","-49.31","1159","2025-09-11 01:12:39.877345"
"1310","148","-130.55","1160","2025-10-02 20:49:35.608691"
"1311","59","-176.82","1161","2025-01-29 13:13:13.211754"
"1312","33","-89.68","1162","2025-06-15 13:58:34.805404"
"1313","5","-98.42","1163","2025-08-31 10:58:51.945523"
"1314","81","-54.53","1164","2025-11-19 06:47:45.199560"
"1315","90","-136.48","1165","2025-05-31 22:45:17.026377"
"1316","57","-169.02","1166","2025-02-16 21:21:55.332024"
"1317","146","-144.20","1167","2025-11-09 20:03:20.349840"
"1318","126","-167.32","1168","2025-05-18 07:31:55.066823"
"1319","36","-30.96","1169","2025-03-02 17:11:06.375318"
"1320","53","-131.18","1170","2025-11-26 09:02:17.339625"
"1321","4","-100.48","1171","2025-03-16 12:14:08.026970"
"1322","111","-41.82","1172","2025-04-24 01:33:47.426719"
"1323","59","-148.59","1173","2025-07-09 04:46:39.690851"
"1324","57","-196.02","1174","2025-09-15 15:14:08.868258"
"1325","100","-194.50","1175","2025-06-11 14:24:51.387703"
"1326","65","-121.47","1176","2025-08-23 09:18:28.291300"
"1327","148","-66.87","1177","2025-03-14 16:08:03.615198"
"1328","52","-158.46","1178","2025-11-22 08:22:35.994957"
"1329","100","-94.83","1179","2025-08-02 16:48:36.854083"
"1330","123","-81.53","1180","2025-03-13 02:14:42.491477"
"1331","121","-196.15","1181","2025-06-18 23:28:53.579639"
"1332","35","-137.83","1182","2025-10-26 04:18:21.122741"
"1333","102","-83.33","1183","2025-02-01 03:36:51.308551"
"1334","109","-50.94","1184","2025-06-25 03:49:42.961953"
"1335","80","-38.22","1185","2025-07-03 22:32:22.538052"
"1336","75","-44.31","1186","2025-11-09 17:54:45.770953"
"1337","67","-158.42","1187","2025-01-15 22:20:07.519701"
"1338","62","-70.09","1188","2025-06-21 00:52:45.734660"
"1339","52","-90.36","1189","2025-08-29 04:32:06.275275"
"1340","47","-115.67","1190","2025-03-09 19:46:39.685711"
"1341","117","-36.15","1191","2025-07-17 19:11:16.611443"
"1342","105","-174.80","1192","2025-05-05 06:40:47.482926"
"1343","135","-99.36","1193","2025-01-24 00:04:46.131377"
"1344","109","-167.88","1194","2025-06-04 05:47:18.339465"
"1345","80","-11.89","1195","2025-06-13 20:50:25.138969"
"1346","42","-27.32","1196","2025-01-28 19:45:02.674922"
"1347","54","-159.81","1197","2025-01-14 17:39:54.311439"
"1348","34","-156.43","1198","2025-03-13 03:48:14.494184"
"1349","89","-183.72","1199","2025-09-25 22:31:10.644684"
"1350","148","-66.62","1200","2025-03-03 05:35:15.886125"
"1351","41","-63.55","1201","2025-02-11 20:11:15.897034"
"1352","27","-94.26","1202","2025-04-15 14:57:28.049279"
"1353","65","-115.38","1203","2025-07-09 02:14:19.011992"
"1354","74","-150.60","1204","2025-06-18 18:15:18.918269"
"1355","48","-119.74","1205","2025-02-23 05:52:01.472741"
"1356","72","-150.41","1206","2025-06-14 04:22:11.558289"
"1357","96","-144.68","1207","2025-10-17 05:43:41.320165"
"1358","106","-69.01","1208","2025-10-06 16:41:28.829266"
"1359","86","-168.35","1209","2025-11-24 19:35:51.279990"
"1360","144","-32.01","1210","2025-06-12 06:45:43.350420"
"1361","67","-137.49","1211","2025-09-19 09:00:44.788730"
"1362","143","-20.19","1212","2025-03-16 19:21:43.632056"
"1363","15","-50.45","1213","2025-05-13 00:37:00.044295"
"1364","88","-33.06","1214","2025-03-29 09:25:56.937011"
"1365","109","-33.06","1215","2025-11-12 21:35:56.693280"
"1366","124","-114.06","1216","2025-10-23 04:02:40.672164"
"1367","59","-153.47","1217","2025-09-13 06:07:38.765331"
"1368","109","-22.64","1218","2025-11-30 12:19:43.151629"
"1369","22","-109.77","1219","2025-02-09 19:55:02.013129"
"1370","65","-20.07","1220","2025-06-16 09:21:38.486809"
"1371","89","-47.45","1221","2025-10-03 05:34:31.159336"
"1372","39","-122.19","1222","2025-11-18 06:42:41.472769"
"1373","3","-158.01","1223","2025-07-05 07:26:21.844854"
"1374","99","-14.21","1224","2025-07-14 07:15:52.067949"
"1375","8","-135.54","1225","2025-11-13 15:34:48.918572"
"1376","86","-182.03","1226","2025-05-15 09:16:13.172874"
"1377","103","-11.22","1227","2025-05-26 11:58:48.812073"
"1378","29","-144.74","1228","2025-10-08 14:47:56.228629"
"1379","142","-113.47","1229","2025-08-06 10:25:27.674474"
"1380","55","-40.10","1230","2025-01-09 12:46:57.471719"
"1381","143","-168.71","1231","2025-01-21 22:47:10.179744"
"1382","37","-19.57","1232","2025-06-19 07:36:26.860360"
"1383","22","-62.37","1233","2025-11-06 06:09:03.381030"
"1384","91","-167.71","1234","2025-07-19 08:42:38.628519"
"1385","106","-10.82","1235","2025-07-23 18:06:31.563081"
"1386","30","-74.12","1236","2025-07-31 08:11:06.325277"
"1387","54","-160.54","1237","2025-04-25 22:29:57.870207"
"1388","24","-78.51","1238","2025-01-21 20:36:16.499563"
"1389","36","-195.47","1239","2025-03-06 11:51:47.786929"
"1390","61","-125.92","1240","2025-11-12 20:18:02.617501"
"1391","44","-167.17","1241","2025-08-02 14:16:02.969745"
"1392","99","-31.52","1242","2025-09-06 23:28:47.736600"
"1393","51","-130.73","1243","2025-02-16 10:25:50.649747"
"1394","3","-103.18","1244","2025-08-31 17:34:12.732081"
"1395","72","-21.82","1245","2025-07-23 10:14:48.271595"
"1396","56","-55.67","1246","2025-03-03 08:53:39.501149"
"1397","27","-163.69","1247","2025-02-22 03:14:23.710361"
"1398","93","-98.04","1248","2025-04-03 05:04:26.628821"
"1399","86","-121.48","1249","2025-01-29 19:17:41.531261"
"1400","131","-81.96","1250","2025-03-06 11:05:24.063198"
"1401","128","-23.11","1251","2025-05-03 19:45:46.586485"
"1402","55","-26.09","1252","2025-08-29 08:36:55.986212"
"1403","14","-67.23","1253","2025-08-05 11:10:17.517848"
"1404","28","-197.45","1254","2025-07-27 23:49:47.881612"
"1405","111","-89.44","1255","2025-10-19 16:15:01.904399"
"1406","26","-72.68","1256","2025-05-27 23:37:24.991528"
"1407","26","-49.76","1257","2025-09-25 11:05:03.249835"
"1408","85","-199.56","1258","2025-05-17 06:34:19.501893"
"1409","73","-127.86","1259","2025-02-03 01:31:10.708611"
"1410","62","-133.13","1260","2025-09-04 13:29:50.737812"
"1411","147","-78.27","1261","2025-04-08 19:36:35.500268"
"1412","25","-151.97","1262","2025-04-12 22:46:36.768317"
"1413","123","-174.50","1263","2025-11-01 19:58:31.718821"
"1414","84","-79.53","1264","2025-07-19 10:19:55.855242"
"1415","34","-130.09","1265","2025-10-19 23:20:56.149244"
"1416","36","-150.79","1266","2025-10-16 03:09:37.899035"
"1417","146","-187.35","1267","2025-08-14 22:45:15.849161"
"1418","120","-13.76","1268","2025-02-26 22:53:28.003558"
"1419","141","-77.99","1269","2025-04-20 08:04:18.070698"
"1420","61","-152.01","1270","2025-03-28 18:19:34.705670"
"1421","64","-143.19","1271","2025-12-01 22:03:55.044103"
"1422","25","-196.18","1272","2025-03-08 20:27:50.554517"
"1423","45","-50.38","1273","2025-09-10 09:06:53.859524"
"1424","76","-128.01","1274","2025-05-28 12:33:42.851368"
"1425","115","-170.07","1275","2025-01-29 05:30:12.128464"
"1426","52","-31.26","1276","2025-02-03 07:01:37.244817"
"1427","122","-161.50","1277","2025-05-27 17:41:54.315769"
"1428","123","-178.98","1278","2025-11-06 23:16:25.391034"
"1429","116","-51.49","1279","2025-01-01 03:42:58.444243"
"1430","41","-54.61","1280","2025-04-23 22:55:07.849082"
"1431","55","-192.63","1281","2025-05-15 11:21:04.820431"
"1432","104","-164.03","1282","2025-06-21 16:18:16.181073"
"1433","111","-65.82","1283","2025-08-14 17:19:11.760859"
"1434","100","-180.12","1284","2025-01-19 18:20:21.538771"
"1435","34","-60.62","1285","2025-09-13 12:27:40.971640"
"1436","139","-74.12","1286","2025-10-05 05:05:58.214246"
"1437","29","-137.22","1287","2025-08-17 06:12:49.859424"
"1438","89","-36.20","1288","2025-09-04 14:46:21.721375"
"1439","145","-25.70","1289","2025-10-08 04:16:05.527159"
"1440","2","-181.94","1290","2025-07-07 13:45:37.389824"
"1441","115","-41.35","1291","2025-12-03 11:49:07.425149"
"1442","102","-190.70","1292","2025-01-03 03:53:02.364714"
"1443","75","-71.85","1293","2025-08-11 01:41:48.239484"
"1444","81","-94.09","1294","2025-06-10 09:09:27.042650"
"1445","93","-176.18","1295","2025-04-11 11:52:43.232650"
"1446","110","-156.81","1296","2025-11-24 23:31:17.230007"
"1447","7","-187.82","1297","2025-08-17 23:00:51.498433"
"1448","141","-167.47","1298","2025-02-09 22:00:32.743636"
"1449","13","-155.42","1299","2025-03-23 17:05:30.828192"
"1450","105","-168.21","1300","2025-11-09 03:21:07.305558"
"1451","77","-95.42","1301","2025-01-08 23:22:25.372160"
"1452","85","-149.92","1302","2025-07-02 19:19:12.935892"
"1453","7","-95.46","1303","2025-08-19 10:34:18.621932"
"1454","98","-29.94","1304","2025-07-03 02:54:48.496729"
"1455","108","-69.46","1305","2025-11-25 09:43:03.930877"
"1456","12","-162.35","1306","2025-04-27 14:03:34.138035"
"1457","12","-174.98","1307","2025-07-02 23:53:22.857960"
"1458","90","-62.52","1308","2025-06-14 10:59:27.343240"
"1459","31","-155.84","1309","2025-04-30 07:33:55.350515"
"1460","4","-42.01","1310","2025-05-12 08:21:15.233016"
"1461","135","-27.74","1311","2025-09-23 18:17:49.525976"
"1462","26","-82.71","1312","2025-10-02 06:51:28.010910"
"1463","139","-146.18","1313","2025-04-23 06:49:59.647047"
"1464","55","-151.22","1314","2025-02-20 01:48:17.934553"
"1465","149","-89.69","1315","2025-02-14 14:01:23.917029"
"1466","72","-180.92","1316","2025-05-07 01:02:24.818224"
"1467","28","-121.13","1317","2025-04-01 11:46:14.221606"
"1468","32","-41.67","1318","2025-03-08 11:52:51.121074"
"1469","142","-91.47","1319","2025-07-14 20:30:20.833163"
"1470","60","-72.14","1320","2025-04-15 15:47:51.794504"
"1471","67","-98.90","1321","2025-06-18 04:04:17.205419"
"1472","53","-174.11","1322","2025-03-03 22:01:42.834768"
"1473","134","-85.03","1323","2025-09-19 10:41:40.650896"
"1474","125","-95.83","1324","2025-11-22 10:32:11.661606"
"1475","59","-12.85","1325","2025-10-11 07:44:39.404657"
"1476","101","-102.73","1326","2025-03-22 12:50:22.474775"
"1477","118","-16.61","1327","2025-02-13 04:18:20.861638"
"1478","64","-14.32","1328","2025-08-27 06:50:08.077849"
"1479","31","-155.59","1329","2025-03-04 10:12:41.144525"
"1480","112","-96.82","1330","2025-04-06 20:55:46.792796"
"1481","126","-41.19","1331","2025-01-07 11:31:59.768125"
"1482","66","-51.38","1332","2025-07-10 03:35:54.812644"
"1483","50","-117.64","1333","2025-03-22 23:42:27.330667"
"1484","10","-13.57","1334","2025-12-06 14:15:08.415087"
"1485","100","-176.31","1335","2025-06-25 23:33:35.369146"
"1486","127","-94.97","1336","2025-06-08 11:06:59.924046"
"1487","147","-187.48","1337","2025-09-23 05:23:31.375422"
"1488","13","-110.13","1338","2025-03-12 14:08:44.209387"
"1489","99","-191.95","1339","2025-07-27 20:28:50.125679"
"1490","123","-181.16","1340","2025-04-26 12:21:56.385257"
"1491","117","-124.67","1341","2025-03-23 10:26:39.012797"
"1492","108","-24.76","1342","2025-05-29 23:33:01.510756"
"1493","137","-117.51","1343","2025-08-24 09:35:28.169703"
"1494","17","-178.06","1344","2025-04-28 07:11:32.547210"
"1495","137","-28.98","1345","2025-10-02 14:47:39.042548"
"1496","61","-20.56","1346","2025-05-12 18:43:57.627182"
"1497","78","-88.11","1347","2025-02-16 06:16:50.406316"
"1498","131","-105.19","1348","2025-05-01 11:41:45.240661"
"1499","70","-89.94","1349","2025-05-25 22:45:22.916491"
"1500","98","-116.80","1350","2025-02-09 12:14:10.803229"
"1501","82","-154.86","1351","2025-04-10 21:58:24.129685"
"1502","25","-79.74","1352","2025-01-24 23:44:34.554280"
"1503","77","-176.07","1353","2025-10-31 14:53:00.554597"
"1504","27","-161.93","1354","2025-03-23 18:22:51.627616"
"1505","105","-153.53","1355","2025-05-14 08:24:11.616735"
"1506","42","-76.61","1356","2025-02-03 06:58:26.809863"
"1507","55","-45.00","1357","2025-05-18 22:22:55.562331"
"1508","119","-27.41","1358","2025-04-16 06:18:51.823990"
"1509","71","-112.22","1359","2025-11-13 23:24:21.245371"
"1510","94","-196.09","1360","2025-04-08 12:10:00.872836"
"1511","17","-180.08","1361","2025-09-29 17:00:06.498455"
"1512","122","-28.11","1362","2025-07-27 04:10:00.236401"
"1513","25","-196.55","1363","2025-03-22 23:51:05.973180"
"1514","31","-192.77","1364","2025-11-20 11:44:34.167902"
"1515","69","-134.10","1365","2025-10-18 07:30:10.405052"
"1516","3","-120.05","1366","2025-08-16 11:41:41.938696"
"1517","101","-88.19","1367","2025-10-27 02:20:05.491018"
"1518","7","-159.84","1368","2025-02-27 10:02:47.735085"
"1519","42","-130.99","1369","2025-07-18 18:35:46.903096"
"1520","107","-90.56","1370","2025-04-03 09:48:37.270642"
"1521","86","-75.31","1371","2025-03-31 11:41:51.078897"
"1522","98","-162.83","1372","2025-05-04 11:19:03.087008"
"1523","69","-195.41","1373","2025-11-07 10:49:03.176079"
"1524","147","-168.66","1374","2025-09-07 14:23:21.197937"
"1525","4","-166.69","1375","2025-06-06 10:51:51.134110"
"1526","10","-151.45","1376","2025-09-14 18:24:37.626540"
"1527","144","-108.63","1377","2025-02-12 15:24:35.840674"
"1528","43","-158.90","1378","2025-06-17 09:20:30.733288"
"1529","86","-57.37","1379","2025-05-04 21:40:09.265125"
"1530","36","-23.24","1380","2025-05-17 00:21:05.373346"
"1531","75","-41.33","1381","2025-01-22 22:20:14.794909"
"1532","64","-85.76","1382","2025-11-20 06:33:58.252956"
"1533","20","-151.08","1383","2025-05-09 09:48:03.832253"
"1534","38","-198.51","1384","2025-01-15 04:49:05.007132"
"1535","50","-25.99","1385","2025-11-14 11:33:02.885258"
"1536","35","-106.74","1386","2025-12-04 12:22:12.258676"
"1537","8","-86.01","1387","2025-01-23 11:25:59.212862"
"1538","71","-171.84","1388","2025-10-06 03:53:20.148809"
"1539","135","-62.29","1389","2025-01-18 04:13:53.198898"
"1540","98","-123.71","1390","2025-06-23 16:04:10.806567"
"1541","43","-155.94","1391","2025-07-10 05:58:39.599665"
"1542","43","-62.62","1392","2025-02-23 08:58:52.583148"
"1543","3","-184.56","1393","2025-10-24 23:01:43.196323"
"1544","103","-134.02","1394","2025-05-13 14:23:46.980672"
"1545","24","-25.12","1395","2025-07-12 03:30:13.562107"
"1546","7","-175.90","1396","2025-11-01 07:08:46.079390"
"1547","119","-122.67","1397","2025-10-11 08:46:43.757855"
"1548","131","-199.00","1398","2025-11-28 05:27:25.083741"
"1549","67","-42.55","1399","2025-03-28 14:16:14.305623"
"1550","16","-189.51","1400","2025-05-16 22:09:41.706955"
"1551","116","-196.01","1401","2025-08-25 22:51:31.446293"
"1552","43","-166.18","1402","2025-04-26 11:10:36.324656"
"1553","29","-147.69","1403","2025-02-18 12:14:01.307352"
"1554","133","-89.70","1404","2025-07-03 10:13:59.465478"
"1555","135","-97.33","1405","2025-05-20 19:59:17.638285"
"1556","144","-143.82","1406","2025-10-14 12:59:11.279701"
"1557","83","-80.42","1407","2025-03-04 21:33:49.138377"
"1558","60","-30.66","1408","2025-11-13 19:14:44.251043"
"1559","16","-68.27","1409","2025-01-19 19:33:53.717822"
"1560","72","-195.53","1410","2025-08-07 10:59:45.685331"
"1561","150","-180.81","1411","2025-12-05 09:25:12.555922"
"1562","28","-68.70","1412","2025-02-01 20:07:08.448205"
"1563","6","-48.90","1413","2025-03-08 02:07:40.529630"
"1564","91","-120.93","1414","2025-03-20 11:06:17.150569"
"1565","112","-159.18","1415","2025-05-31 00:52:20.982410"
"1566","10","-135.10","1416","2025-03-31 21:29:57.882323"
"1567","135","-37.11","1417","2025-04-23 05:40:38.753763"
"1568","42","-88.07","1418","2025-08-06 03:17:55.013637"
"1569","51","-40.57","1419","2025-02-07 03:08:05.316427"
"1570","137","-146.76","1420","2025-08-24 23:35:15.548620"
"1571","14","-71.92","1421","2025-04-20 18:24:06.792391"
"1572","59","-87.69","1422","2025-05-16 01:18:22.688441"
"1573","147","-181.07","1423","2025-05-14 22:44:06.101729"
"1574","95","-96.40","1424","2025-04-20 17:46:45.383767"
"1575","117","-122.89","1425","2025-04-10 02:21:54.713323"
"1576","73","-120.17","1426","2025-02-20 00:34:25.758252"
"1577","135","-133.66","1427","2025-03-22 03:12:41.047808"
"1578","96","-197.79","1428","2025-02-19 11:50:00.966959"
"1579","18","-182.34","1429","2025-09-20 13:21:19.695719"
"1580","113","-145.18","1430","2025-12-04 08:07:08.144925"
"1581","30","-48.71","1431","2025-09-16 10:12:15.355958"
"1582","25","-174.91","1432","2025-04-22 05:12:21.338544"
"1583","43","-80.46","1433","2025-03-14 19:02:03.347739"
"1584","107","-199.12","1434","2025-02-04 13:52:12.252725"
"1585","138","-66.00","1435","2025-08-21 09:12:57.119473"
"1586","91","-74.82","1436","2025-08-05 01:52:17.297717"
"1587","91","-107.76","1437","2025-01-22 00:05:31.912233"
"1588","130","-133.30","1438","2025-11-15 01:12:20.277611"
"1589","3","-130.75","1439","2025-01-24 20:55:01.142103"
"1590","17","-165.16","1440","2025-01-07 04:28:16.130190"
"1591","108","-70.82","1441","2025-04-07 20:24:53.183675"
"1592","29","-48.55","1442","2025-01-10 08:34:51.779547"
"1593","108","-139.11","1443","2025-02-07 16:55:47.164081"
"1594","19","-39.14","1444","2025-01-14 23:02:26.850421"
"1595","26","-193.67","1445","2025-07-23 06:57:31.710396"
"1596","117","-69.96","1446","2025-01-21 08:12:23.101170"
"1597","38","-128.52","1447","2025-10-22 01:32:47.281879"
"1598","48","-37.11","1448","2025-04-13 02:04:18.863741"
"1599","144","-123.98","1449","2025-01-11 16:31:41.830231"
"1600","89","-107.68","1450","2025-09-28 02:05:56.599682"
"1601","72","-103.98","1451","2025-03-11 04:16:12.414178"
"1602","37","-166.53","1452","2025-08-17 13:54:28.504720"
"1603","146","-100.38","1453","2025-04-07 07:50:23.772570"
"1604","140","-121.20","1454","2025-09-14 02:51:57.961321"
"1605","49","-104.32","1455","2025-02-20 06:06:37.730106"
"1606","12","-117.78","1456","2025-11-13 05:22:00.783483"
"1607","114","-105.74","1457","2025-09-05 10:35:22.900354"
"1608","130","-68.95","1458","2025-12-04 15:20:15.446573"
"1609","35","-198.68","1459","2025-08-15 02:30:14.608212"
"1610","139","-183.82","1460","2025-05-17 00:38:51.571399"
"1611","51","-160.03","1461","2025-10-24 16:53:18.714354"
"1612","143","-141.55","1462","2025-01-06 16:28:08.735673"
"1613","68","-190.22","1463","2025-08-26 07:40:14.883903"
"1614","132","-164.55","1464","2025-05-29 00:46:19.518159"
"1615","73","-165.86","1465","2025-09-13 12:35:30.664123"
"1616","34","-173.55","1466","2025-06-27 05:32:40.177721"
"1617","50","-139.55","1467","2025-08-20 01:19:30.447128"
"1618","77","-157.42","1468","2025-10-15 21:54:40.983907"
"1619","115","-15.57","1469","2025-10-09 06:30:20.643905"
"1620","1","-18.27","1470","2025-11-19 21:26:07.426384"
"1621","110","-17.08","1471","2025-04-26 18:38:25.116777"
"1622","141","-66.41","1472","2025-03-24 11:08:31.564320"
"1623","3","-186.06","1473","2025-03-04 22:53:50.932375"
"1624","43","-153.92","1474","2025-07-24 21:28:40.298422"
"1625","27","-138.47","1475","2025-07-21 23:49:40.773358"
"1626","108","-180.69","1476","2025-12-07 06:57:56.644775"
"1627","69","-64.61","1477","2025-06-07 09:51:37.140241"
"1628","129","-80.86","1478","2025-04-08 11:52:43.803450"
"1629","145","-138.37","1479","2025-03-13 19:43:42.720732"
"1630","24","-101.65","1480","2025-04-20 00:17:42.828942"
"1631","56","-150.17","1481","2025-03-27 02:06:11.136463"
"1632","11","-194.72","1482","2025-01-07 22:10:10.848158"
"1633","97","-89.56","1483","2025-01-15 21:24:06.595661"
"1634","85","-92.03","1484","2025-06-23 00:59:46.007632"
"1635","130","-146.89","1485","2025-11-30 04:47:18.175776"
"1636","61","-112.41","1486","2025-07-30 14:40:22.450904"
"1637","146","-115.36","1487","2025-01-19 08:07:29.089818"
"1638","126","-28.04","1488","2025-07-22 11:21:57.830217"
"1639","53","-137.07","1489","2025-05-31 01:32:16.668926"
"1640","42","-31.13","1490","2025-03-19 07:32:31.048836"
"1641","116","-24.90","1491","2025-11-25 04:06:11.897506"
"1642","12","-177.15","1492","2025-01-11 12:00:19.059148"
"1643","60","-24.06","1493","2025-04-29 06:45:28.587413"
"1644","102","-87.60","1494","2025-07-24 17:39:12.979077"
"1645","8","-105.84","1495","2025-06-02 09:48:11.857299"
"1646","74","-90.87","1496","2025-02-19 22:06:11.067226"
"1647","79","-134.34","1497","2025-03-14 10:23:40.135639"
"1648","12","-194.11","1498","2025-06-21 00:44:01.180434"
"1649","53","-141.18","1499","2025-03-21 22:02:36.190747"
"1650","125","-87.92","1500","2025-09-20 22:20:26.098934"
"199999","151","50000.00","","2025-01-01 00:00:00"
"200000","151","-182.51","3500","2025-02-11 00:13:48.334149"
"200001","151","-0.00","3501","2025-11-26 22:42:23.630957"
"200002","151","-82.21","3502","2025-06-08 19:33:59.451119"
"200003","151","-24.44","3503","2025-10-23 08:50:57.183319"
"200004","151","-72.04","3504","2025-06-09 11:04:53.062691"
"200005","151","-176.88","3505","2025-02-16 21:28:09.313570"
"200006","151","-71.84","3506","2025-06-27 15:15:56.431144"
"200007","151","-0.00","3507","2025-03-09 06:50:18.498811"
"200008","151","-146.97","3508","2025-03-26 02:21:14.328967"
"200009","151","-288.22","3509","2025-12-05 17:08:27.494735"
"200010","151","-175.06","3510","2025-05-03 02:54:30.265270"
"200011","151","-32.54","3511","2025-07-10 05:15:18.508820"
"200012","151","-316.07","3512","2025-01-03 16:03:33.680623"
"200013","151","-110.67","3513","2025-01-15 06:54:41.173956"
"200014","151","-53.60","3514","2025-04-22 21:52:39.496196"
"200015","151","-19.29","3515","2025-10-03 09:15:39.681457"
"200016","151","-31.97","3516","2025-04-10 16:01:02.764959"
"200017","151","-0.00","3517","2025-01-19 08:06:14.857481"
"200018","151","-21.68","3518","2025-05-11 06:57:00.673048"
"200019","151","-0.00","3519","2025-07-03 07:36:22.493402"
